Date,Sales,Expenses,Profit,Region,Product,Month,Quarter
2024-01-01T00:00:00,114.77253417726766,59.09767417744825,61.35530683279347,North,A,2024-01,Q1 2024
2024-01-01T00:00:00,127.73849066890605,68.5476802960799,66.63400306240004,North,B,2024-01,Q1 2024
2024-01-01T00:00:00,86.58142562170225,40.12471649642996,41.42219632176456,North,C,2024-01,Q1 2024
2024-01-01T00:00:00,114.36134226266005,56.16947952800568,61.45893540192231,North,D,2024-01,Q1 2024
2024-01-01T00:00:00,82.45575657996656,37.31376513234651,38.02207515540945,South,A,2024-01,Q1 2024
2024-01-01T00:00:00,122.70012520192012,61.49794293271841,59.684152013271245,South,B,2024-01,Q1 2024
2024-01-01T00:00:00,68.63505733196801,30.246839237525336,35.13202045031778,South,C,2024-01,Q1 2024
2024-01-01T00:00:00,91.59520822083746,44.256450263364705,50.69666323876882,South,D,2024-01,Q1 2024
2024-01-01T00:00:00,94.57647310784117,51.900823473856796,47.99015171513139,East,A,2024-01,Q1 2024
2024-01-01T00:00:00,112.70801252065819,56.65609160763295,62.25943585746707,East,B,2024-01,Q1 2024
2024-01-01T00:00:00,86.76457404591314,42.177382809617114,42.78119759200287,East,C,2024-01,Q1 2024
2024-01-01T00:00:00,90.13703706398476,45.01753144957,49.45105479594678,East,D,2024-01,Q1 2024
2024-01-01T00:00:00,115.30821869800786,62.41334454822105,61.912162273952234,West,A,2024-01,Q1 2024
2024-01-01T00:00:00,137.31070463979853,69.54789854930698,69.65998345200745,West,B,2024-01,Q1 2024
2024-01-01T00:00:00,86.3974498978066,44.52582862385672,46.36256370166136,West,C,2024-01,Q1 2024
2024-01-01T00:00:00,124.74660517712309,58.890070607900796,61.07341128236195,West,D,2024-01,Q1 2024
2024-01-02T00:00:00,128.7582557732763,58.70178032914121,65.06631073232401,North,A,2024-01,Q1 2024
2024-01-02T00:00:00,137.0430349885791,68.83726355331548,75.59163015774642,North,B,2024-01,Q1 2024
2024-01-02T00:00:00,97.74859715928919,35.57685536935373,48.13309320734664,North,C,2024-01,Q1 2024
2024-01-02T00:00:00,123.67711578255401,60.73640060369484,60.73589643159323,North,D,2024-01,Q1 2024
2024-01-02T00:00:00,92.05780663676315,48.037316788352356,45.632068688529316,South,A,2024-01,Q1 2024
2024-01-02T00:00:00,99.29613134465058,51.92039547203244,53.28822966296641,South,B,2024-01,Q1 2024
2024-01-02T00:00:00,72.49444474878295,34.06816703521744,38.088463177108636,South,C,2024-01,Q1 2024
2024-01-02T00:00:00,92.76355105966431,44.422013633807744,45.876493803184694,South,D,2024-01,Q1 2024
2024-01-02T00:00:00,106.89749382845787,51.01888564610317,54.11949792463234,East,A,2024-01,Q1 2024
2024-01-02T00:00:00,103.54472796607584,50.00232407372665,53.01293241815244,East,B,2024-01,Q1 2024
2024-01-02T00:00:00,82.74127391311886,44.648724575106115,42.08000838323532,East,C,2024-01,Q1 2024
2024-01-02T00:00:00,115.3440993523496,50.13741757200813,59.76956996237675,East,D,2024-01,Q1 2024
2024-01-02T00:00:00,136.1238570369663,59.22494659178833,64.6087116730754,West,A,2024-01,Q1 2024
2024-01-02T00:00:00,141.3236852946164,74.5136561360102,77.58575385562247,West,B,2024-01,Q1 2024
2024-01-02T00:00:00,101.69415188717012,55.525348625714884,52.12042134265267,West,C,2024-01,Q1 2024
2024-01-02T00:00:00,154.26979833405926,66.25415222136684,72.95916354904493,West,D,2024-01,Q1 2024
2024-01-03T00:00:00,114.16431127987725,50.20835647056164,61.958468736310266,North,A,2024-01,Q1 2024
2024-01-03T00:00:00,126.27705156704535,55.50018788881244,68.75049763239066,North,B,2024-01,Q1 2024
2024-01-03T00:00:00,83.57485686742777,42.492145683486946,42.6718417842103,North,C,2024-01,Q1 2024
2024-01-03T00:00:00,136.50980773022485,56.287600145247296,69.23331182694635,North,D,2024-01,Q1 2024
2024-01-03T00:00:00,100.89053698184594,41.88700041163771,48.742656852518884,South,A,2024-01,Q1 2024
2024-01-03T00:00:00,120.83515949493167,56.86649853049433,63.92811256830299,South,B,2024-01,Q1 2024
2024-01-03T00:00:00,71.63883470664538,34.01572527161988,35.91235553306379,South,C,2024-01,Q1 2024
2024-01-03T00:00:00,125.7463695162066,54.434473431127984,66.68192820617939,South,D,2024-01,Q1 2024
2024-01-03T00:00:00,98.72621901939073,48.04367016967718,48.58154793132008,East,A,2024-01,Q1 2024
2024-01-03T00:00:00,140.23881820656732,67.4320178946715,77.00266212250467,East,B,2024-01,Q1 2024
2024-01-03T00:00:00,78.19163493674203,35.86682040617659,41.79333149354544,East,C,2024-01,Q1 2024
2024-01-03T00:00:00,116.34541385117564,54.73031325232771,62.39377962082682,East,D,2024-01,Q1 2024
2024-01-03T00:00:00,133.46471541052142,58.54022047139726,72.30319238680296,West,A,2024-01,Q1 2024
2024-01-03T00:00:00,156.4166071859797,72.34492839651688,86.10973390784726,West,B,2024-01,Q1 2024
2024-01-03T00:00:00,102.14344690909643,47.76608790853914,52.081411578503705,West,C,2024-01,Q1 2024
2024-01-03T00:00:00,119.32260835239526,58.323671523264906,68.94642568500556,West,D,2024-01,Q1 2024
2024-01-04T00:00:00,114.36087824978027,55.62471552076345,66.25503415958798,North,A,2024-01,Q1 2024
2024-01-04T00:00:00,129.9209625540021,59.192679834575266,67.84834274937595,North,B,2024-01,Q1 2024
2024-01-04T00:00:00,100.63276011271046,47.953475113490796,55.23212020097412,North,C,2024-01,Q1 2024
2024-01-04T00:00:00,107.28747366739655,52.714454146497786,61.83482242392478,North,D,2024-01,Q1 2024
2024-01-04T00:00:00,120.83495153436905,48.1271633211131,57.42793357242306,South,A,2024-01,Q1 2024
2024-01-04T00:00:00,130.2306611043253,57.07668803516758,70.46914751969425,South,B,2024-01,Q1 2024
2024-01-04T00:00:00,70.12065890897946,31.127661030683353,38.88474854728148,South,C,2024-01,Q1 2024
2024-01-04T00:00:00,121.5139971653065,61.85275389177692,67.83091806523257,South,D,2024-01,Q1 2024
2024-01-04T00:00:00,107.70858999634945,46.923799490531906,53.37738802240849,East,A,2024-01,Q1 2024
2024-01-04T00:00:00,122.98008930944472,52.453693941456834,65.37022390732704,East,B,2024-01,Q1 2024
2024-01-04T00:00:00,82.99652178997503,45.84710122045337,48.107092620162746,East,C,2024-01,Q1 2024
2024-01-04T00:00:00,95.08498521344546,41.03910331118405,52.83311760370157,East,D,2024-01,Q1 2024
2024-01-04T00:00:00,118.01390283870569,55.705297228416896,66.1287600429049,West,A,2024-01,Q1 2024
2024-01-04T00:00:00,134.33026746556644,60.723625181732096,72.54765406440879,West,B,2024-01,Q1 2024
2024-01-04T00:00:00,123.25129555507318,51.613522764304314,67.6659362670685,West,C,2024-01,Q1 2024
2024-01-04T00:00:00,176.9021594241298,73.92092442356466,92.29233065421487,West,D,2024-01,Q1 2024
2024-01-05T00:00:00,132.02146010370834,61.50374536425224,76.93678845884735,North,A,2024-01,Q1 2024
2024-01-05T00:00:00,130.6994362268332,48.42317407256777,70.80131163169862,North,B,2024-01,Q1 2024
2024-01-05T00:00:00,87.58342576699997,46.543094767110574,49.31619806558727,North,C,2024-01,Q1 2024
2024-01-05T00:00:00,127.17820302743499,60.48551476297,67.491080942874,North,D,2024-01,Q1 2024
2024-01-05T00:00:00,109.94243555016112,45.83401088623535,62.03694035421052,South,A,2024-01,Q1 2024
2024-01-05T00:00:00,117.47955893026634,53.68835399412015,66.2310683831867,South,B,2024-01,Q1 2024
2024-01-05T00:00:00,82.95741247353446,40.1116537353757,41.8175248163359,South,C,2024-01,Q1 2024
2024-01-05T00:00:00,121.62219830628541,57.86276952582096,74.24114690593936,South,D,2024-01,Q1 2024
2024-01-05T00:00:00,109.33881836996191,49.290967059686125,61.550980288989265,East,A,2024-01,Q1 2024
2024-01-05T00:00:00,127.7669559062573,55.89863573000671,67.3055369585193,East,B,2024-01,Q1 2024
2024-01-05T00:00:00,96.91136142274158,44.77358073723364,54.299127121489,East,C,2024-01,Q1 2024
2024-01-05T00:00:00,107.54164155507539,51.220730271641365,62.584437830655574,East,D,2024-01,Q1 2024
2024-01-05T00:00:00,131.56692459446703,61.97252454703655,71.65761504058017,West,A,2024-01,Q1 2024
2024-01-05T00:00:00,165.11168144294473,73.08547562422035,94.58167917518657,West,B,2024-01,Q1 2024
2024-01-05T00:00:00,117.73843025216462,54.37266735187894,63.256658825011,West,C,2024-01,Q1 2024
2024-01-05T00:00:00,152.67480347263887,69.4303965860063,85.50795361832981,West,D,2024-01,Q1 2024
2024-01-06T00:00:00,126.3792189993927,50.774176428749946,74.3593699451287,North,A,2024-01,Q1 2024
2024-01-06T00:00:00,125.83621147881645,60.37116606339495,76.59364648778623,North,B,2024-01,Q1 2024
2024-01-06T00:00:00,107.01839516822093,44.76942259789502,57.2759959624921,North,C,2024-01,Q1 2024
2024-01-06T00:00:00,132.0730719252123,61.35419414787681,76.73593077214503,North,D,2024-01,Q1 2024
2024-01-06T00:00:00,90.13490609693582,40.81071857876157,51.04246198365814,South,A,2024-01,Q1 2024
2024-01-06T00:00:00,111.34795867002131,48.23816916791388,61.61236680723179,South,B,2024-01,Q1 2024
2024-01-06T00:00:00,77.38929037899017,28.536382198141443,40.533477920815464,South,C,2024-01,Q1 2024
2024-01-06T00:00:00,101.02632482822477,44.96976020574525,61.00723551173188,South,D,2024-01,Q1 2024
2024-01-06T00:00:00,119.83677153528437,51.97828512048761,66.5960717116302,East,A,2024-01,Q1 2024
2024-01-06T00:00:00,131.638566915743,58.37168663592203,74.0238672683313,East,B,2024-01,Q1 2024
2024-01-06T00:00:00,101.16574292940497,40.00489409023009,53.974297272989304,East,C,2024-01,Q1 2024
2024-01-06T00:00:00,128.64666622038442,57.028044033734304,74.32218679307412,East,D,2024-01,Q1 2024
2024-01-06T00:00:00,130.7659470731462,58.14526576553116,77.55525733216012,West,A,2024-01,Q1 2024
2024-01-06T00:00:00,188.00827585858846,85.48617963864982,102.65059433627118,West,B,2024-01,Q1 2024
2024-01-06T00:00:00,116.88409434842019,56.59078158507752,64.32941496359363,West,C,2024-01,Q1 2024
2024-01-06T00:00:00,131.34910768163863,51.57714848125078,75.34572521131702,West,D,2024-01,Q1 2024
2024-01-07T00:00:00,115.06520865555392,49.00443713241667,70.08641219651946,North,A,2024-01,Q1 2024
2024-01-07T00:00:00,159.6688498554685,65.53110993615408,95.31085252659436,North,B,2024-01,Q1 2024
2024-01-07T00:00:00,95.05505435822305,39.5910400360775,48.906689550828226,North,C,2024-01,Q1 2024
2024-01-07T00:00:00,119.53240075867781,46.9849045790482,67.91014739699162,North,D,2024-01,Q1 2024
2024-01-07T00:00:00,82.07792003880522,35.723038508567875,49.46144893169025,South,A,2024-01,Q1 2024
2024-01-07T00:00:00,119.10283781692519,45.47947953635585,67.02148836064148,South,B,2024-01,Q1 2024
2024-01-07T00:00:00,84.51612781924337,36.52807736386306,45.30141673567749,South,C,2024-01,Q1 2024
2024-01-07T00:00:00,100.64215063842336,40.556816495445055,53.196918996311425,South,D,2024-01,Q1 2024
2024-01-07T00:00:00,130.48054444208285,58.05999477133005,75.5151050143002,East,A,2024-01,Q1 2024
2024-01-07T00:00:00,171.53629867445463,67.56601812700093,96.38982579170916,East,B,2024-01,Q1 2024
2024-01-07T00:00:00,102.61593977674669,37.30266014707491,56.9474543802666,East,C,2024-01,Q1 2024
2024-01-07T00:00:00,128.0034540718885,53.86626563692347,75.3026459735631,East,D,2024-01,Q1 2024
2024-01-07T00:00:00,134.90190566948493,59.62182397887234,76.34763112876043,West,A,2024-01,Q1 2024
2024-01-07T00:00:00,181.41306285988978,73.92819214083492,109.16413529427062,West,B,2024-01,Q1 2024
2024-01-07T00:00:00,111.94275992697388,40.850525732598854,64.8751415557003,West,C,2024-01,Q1 2024
2024-01-07T00:00:00,132.42900759315333,55.27708964577084,73.02359036886813,West,D,2024-01,Q1 2024
2024-01-08T00:00:00,113.0257053181694,48.245232603480915,71.79878767331621,North,A,2024-01,Q1 2024
2024-01-08T00:00:00,137.44368767463794,53.638150395716664,78.10878618169005,North,B,2024-01,Q1 2024
2024-01-08T00:00:00,93.54082700660197,38.74741359160109,55.91292132587851,North,C,2024-01,Q1 2024
2024-01-08T00:00:00,164.3376494405296,65.09783960361172,97.39227537454991,North,D,2024-01,Q1 2024
2024-01-08T00:00:00,99.80169522927406,43.14710297573171,61.11695577143335,South,A,2024-01,Q1 2024
2024-01-08T00:00:00,113.08766822263568,46.64412481522895,63.89363718970403,South,B,2024-01,Q1 2024
2024-01-08T00:00:00,76.10630868767804,33.290347407870286,40.41842100397622,South,C,2024-01,Q1 2024
2024-01-08T00:00:00,120.28674552649558,57.83721656255574,72.36907043945702,South,D,2024-01,Q1 2024
2024-01-08T00:00:00,107.16390608360254,41.002304786705274,66.52689181086112,East,A,2024-01,Q1 2024
2024-01-08T00:00:00,118.66753934979016,49.54597835207548,72.13001488574669,East,B,2024-01,Q1 2024
2024-01-08T00:00:00,110.42655452897138,43.37312989376087,65.58119620429346,East,C,2024-01,Q1 2024
2024-01-08T00:00:00,121.38990585436127,56.021306842620035,75.32221233756084,East,D,2024-01,Q1 2024
2024-01-08T00:00:00,121.00495631856326,47.29429825109487,69.26989723580348,West,A,2024-01,Q1 2024
2024-01-08T00:00:00,187.95475085896229,68.83284059060031,106.50506281793504,West,B,2024-01,Q1 2024
2024-01-08T00:00:00,99.33812064444986,39.88239838759552,58.38618586360158,West,C,2024-01,Q1 2024
2024-01-08T00:00:00,146.24907158141352,62.376953310386845,88.7377631115231,West,D,2024-01,Q1 2024
2024-01-09T00:00:00,117.74495903855122,47.241453806872855,74.82179200183286,North,A,2024-01,Q1 2024
2024-01-09T00:00:00,152.97405972287595,63.51845479154943,96.14415231835052,North,B,2024-01,Q1 2024
2024-01-09T00:00:00,86.20683987020445,31.44819296343233,51.19517200522122,North,C,2024-01,Q1 2024
2024-01-09T00:00:00,118.26143556665046,46.09276785590987,76.40662079373648,North,D,2024-01,Q1 2024
2024-01-09T00:00:00,100.63927188418381,44.030563159675175,59.723029101824885,South,A,2024-01,Q1 2024
2024-01-09T00:00:00,116.13062628094937,46.9773848847981,73.34761141418991,South,B,2024-01,Q1 2024
2024-01-09T00:00:00,73.02090577756164,33.03230097039042,43.776477216917364,South,C,2024-01,Q1 2024
2024-01-09T00:00:00,116.52238327628993,50.51638275550818,76.12708456913148,South,D,2024-01,Q1 2024
2024-01-09T00:00:00,81.75406760960169,36.06776118085465,50.995908315555056,East,A,2024-01,Q1 2024
2024-01-09T00:00:00,138.71731465827395,57.022654415959884,84.6630010675277,East,B,2024-01,Q1 2024
2024-01-09T00:00:00,103.02174900198385,41.76147338340351,60.17722545605494,East,C,2024-01,Q1 2024
2024-01-09T00:00:00,117.00489055060481,48.90759162637597,70.6014773288213,East,D,2024-01,Q1 2024
2024-01-09T00:00:00,151.00218778054537,58.930903008282264,83.65560782499531,West,A,2024-01,Q1 2024
2024-01-09T00:00:00,181.65725947992766,67.45279739990934,108.1142927177577,West,B,2024-01,Q1 2024
2024-01-09T00:00:00,87.12067499419688,35.64918540503524,56.6371867714874,West,C,2024-01,Q1 2024
2024-01-09T00:00:00,154.1507187844661,64.66117414801163,88.6509934060335,West,D,2024-01,Q1 2024
2024-01-10T00:00:00,132.1437116800296,46.03284868205715,80.10828637761196,North,A,2024-01,Q1 2024
2024-01-10T00:00:00,153.41820268287944,63.06940828746678,98.86496527884431,North,B,2024-01,Q1 2024
2024-01-10T00:00:00,103.33368250907932,38.78479040732449,60.230017732702834,North,C,2024-01,Q1 2024
2024-01-10T00:00:00,145.03732170190904,58.9557894186775,89.62133523090382,North,D,2024-01,Q1 2024
2024-01-10T00:00:00,109.12801226225194,45.38690051679547,64.16538825408594,South,A,2024-01,Q1 2024
2024-01-10T00:00:00,114.84260859541195,45.77102288007613,73.38712550010872,South,B,2024-01,Q1 2024
2024-01-10T00:00:00,83.63767142318211,37.32547634019949,56.24311518179764,South,C,2024-01,Q1 2024
2024-01-10T00:00:00,126.85028686080808,43.88947783177124,68.76615296231296,South,D,2024-01,Q1 2024
2024-01-10T00:00:00,101.1551874447471,38.8145095173814,56.71238399716104,East,A,2024-01,Q1 2024
2024-01-10T00:00:00,134.93106724055036,62.63249604282092,85.52171473702226,East,B,2024-01,Q1 2024
2024-01-10T00:00:00,95.77966522318478,37.69485120384708,56.346776643612635,East,C,2024-01,Q1 2024
2024-01-10T00:00:00,117.78610945659526,51.05535757181874,72.71032368083159,East,D,2024-01,Q1 2024
2024-01-10T00:00:00,155.9581278710721,59.39013442248138,95.90368352977161,West,A,2024-01,Q1 2024
2024-01-10T00:00:00,170.46185827633457,59.829464525290746,103.14314290846583,West,B,2024-01,Q1 2024
2024-01-10T00:00:00,105.52162512060323,39.3152026137598,61.994801387068485,West,C,2024-01,Q1 2024
2024-01-10T00:00:00,163.15090311090768,60.16891174354925,96.155361288066,West,D,2024-01,Q1 2024
2024-01-11T00:00:00,129.08035174784612,46.10233436965277,70.84784979141934,North,A,2024-01,Q1 2024
2024-01-11T00:00:00,144.86854553784462,48.690820546518204,89.34209317820444,North,B,2024-01,Q1 2024
2024-01-11T00:00:00,101.11714340751243,43.4586575600022,61.977452367374696,North,C,2024-01,Q1 2024
2024-01-11T00:00:00,128.1954455515638,59.64626246807997,81.92032890497073,North,D,2024-01,Q1 2024
2024-01-11T00:00:00,102.23737956707768,40.33953964190605,62.323998819177326,South,A,2024-01,Q1 2024
2024-01-11T00:00:00,112.88798981327216,44.79750278298282,69.63967238357579,South,B,2024-01,Q1 2024
2024-01-11T00:00:00,76.47553361108018,28.723640418580906,49.4627963789426,South,C,2024-01,Q1 2024
2024-01-11T00:00:00,88.0879635254654,35.82338649102984,46.39851788749985,South,D,2024-01,Q1 2024
2024-01-11T00:00:00,107.82371031750978,38.3662126259522,65.53653356220131,East,A,2024-01,Q1 2024
2024-01-11T00:00:00,129.91309269859704,49.84986780523721,76.65201804567242,East,B,2024-01,Q1 2024
2024-01-11T00:00:00,91.77006740498496,36.25249824310521,60.56801634158241,East,C,2024-01,Q1 2024
2024-01-11T00:00:00,113.22713324389261,41.860481804590776,66.3310414788663,East,D,2024-01,Q1 2024
2024-01-11T00:00:00,148.1983134716133,55.59950165427564,91.61325636917873,West,A,2024-01,Q1 2024
2024-01-11T00:00:00,148.94442909005932,58.41811921831476,88.60684273230041,West,B,2024-01,Q1 2024
2024-01-11T00:00:00,106.3302614217458,46.48879782058494,68.4993082678221,West,C,2024-01,Q1 2024
2024-01-11T00:00:00,147.32482984091962,53.056093681326296,84.09373636605346,West,D,2024-01,Q1 2024
2024-01-12T00:00:00,107.809985842714,36.536011826860545,67.91222456560513,North,A,2024-01,Q1 2024
2024-01-12T00:00:00,126.39560545832084,46.071347230607145,72.28160256413058,North,B,2024-01,Q1 2024
2024-01-12T00:00:00,95.86366710296046,36.05943940895005,59.90224677900855,North,C,2024-01,Q1 2024
2024-01-12T00:00:00,138.81780521928908,52.113473867739366,84.74809466015661,North,D,2024-01,Q1 2024
2024-01-12T00:00:00,96.1085356775111,36.286286016730635,65.81506354579187,South,A,2024-01,Q1 2024
2024-01-12T00:00:00,123.00289099603502,47.80937147156981,76.86390141614812,South,B,2024-01,Q1 2024
2024-01-12T00:00:00,72.95146473383987,30.19923912145354,45.274539449460875,South,C,2024-01,Q1 2024
2024-01-12T00:00:00,107.73430987287891,47.88372616480995,72.3961636060612,South,D,2024-01,Q1 2024
2024-01-12T00:00:00,120.61758241513763,49.58339702561562,73.14589393321843,East,A,2024-01,Q1 2024
2024-01-12T00:00:00,104.05942303046392,40.690638412307266,67.94439581916977,East,B,2024-01,Q1 2024
2024-01-12T00:00:00,91.29585442185208,37.13980313792862,56.83430477841539,East,C,2024-01,Q1 2024
2024-01-12T00:00:00,109.47520572105009,42.127245915028105,68.90819634069771,East,D,2024-01,Q1 2024
2024-01-12T00:00:00,127.43580077683609,44.229494676615,80.35466458036085,West,A,2024-01,Q1 2024
2024-01-12T00:00:00,171.39298015748483,63.11565044710211,106.17869551018269,West,B,2024-01,Q1 2024
2024-01-12T00:00:00,102.67879551151898,47.01278747297274,62.54409278067652,West,C,2024-01,Q1 2024
2024-01-12T00:00:00,162.5154582774495,63.8757685514253,105.5922076514338,West,D,2024-01,Q1 2024
2024-01-13T00:00:00,124.2527139446864,46.436486585771675,69.75230682350798,North,A,2024-01,Q1 2024
2024-01-13T00:00:00,161.663935481639,62.18609758766135,93.34004609271467,North,B,2024-01,Q1 2024
2024-01-13T00:00:00,89.92994623068051,34.84842199058671,57.33716132565254,North,C,2024-01,Q1 2024
2024-01-13T00:00:00,130.91071643236532,54.06983189482417,85.87937137467719,North,D,2024-01,Q1 2024
2024-01-13T00:00:00,111.58361379322747,43.34860000366291,66.25123678389504,South,A,2024-01,Q1 2024
2024-01-13T00:00:00,111.50972369229535,47.38093842712401,74.13781996447527,South,B,2024-01,Q1 2024
2024-01-13T00:00:00,76.24162884605086,28.54242105123228,52.946086759361144,South,C,2024-01,Q1 2024
2024-01-13T00:00:00,113.57605913265039,42.46627870513979,67.84674434803034,South,D,2024-01,Q1 2024
2024-01-13T00:00:00,119.62588451490407,47.30047556453416,74.26944434486964,East,A,2024-01,Q1 2024
2024-01-13T00:00:00,126.69688853768939,50.000781859800725,77.95087136680604,East,B,2024-01,Q1 2024
2024-01-13T00:00:00,96.12937424059982,38.140657837008526,61.02167586565638,East,C,2024-01,Q1 2024
2024-01-13T00:00:00,141.66112036076245,57.213829781823925,83.58892956871262,East,D,2024-01,Q1 2024
2024-01-13T00:00:00,142.09639322548355,53.19948017572263,86.82657178960072,West,A,2024-01,Q1 2024
2024-01-13T00:00:00,159.60606214824801,65.58554689635531,93.14479530094323,West,B,2024-01,Q1 2024
2024-01-13T00:00:00,109.74307440713409,44.160808632800034,62.00833977163116,West,C,2024-01,Q1 2024
2024-01-13T00:00:00,139.8691286919332,50.31564841364347,85.09174789652104,West,D,2024-01,Q1 2024
2024-01-14T00:00:00,105.370503992722,42.09412662903311,67.47973999212225,North,A,2024-01,Q1 2024
2024-01-14T00:00:00,163.27555230901984,67.97089615523758,102.82141586445495,North,B,2024-01,Q1 2024
2024-01-14T00:00:00,100.01349417984916,33.97297264702542,60.063077499671934,North,C,2024-01,Q1 2024
2024-01-14T00:00:00,138.22476165859877,53.32568257407749,88.21492897602577,North,D,2024-01,Q1 2024
2024-01-14T00:00:00,90.33758687498232,34.062596159179634,55.949599673216966,South,A,2024-01,Q1 2024
2024-01-14T00:00:00,117.54037442447151,47.38155913285378,67.33375279255057,South,B,2024-01,Q1 2024
2024-01-14T00:00:00,75.20468763644851,26.491402944876643,45.965401412307955,South,C,2024-01,Q1 2024
2024-01-14T00:00:00,103.8981721096683,47.71681298388311,71.99435065095258,South,D,2024-01,Q1 2024
2024-01-14T00:00:00,101.66194275930509,40.88846273653231,64.23849757460147,East,A,2024-01,Q1 2024
2024-01-14T00:00:00,151.20859793654012,54.0119718728693,85.01816719828001,East,B,2024-01,Q1 2024
2024-01-14T00:00:00,72.45795727489161,29.310275286940747,50.29206699607464,East,C,2024-01,Q1 2024
2024-01-14T00:00:00,116.23488637371496,44.431146923217085,73.0123175509813,East,D,2024-01,Q1 2024
2024-01-14T00:00:00,163.24743045172838,62.63557074449143,103.88620699842203,West,A,2024-01,Q1 2024
2024-01-14T00:00:00,178.9936685687154,67.34653007081698,103.44680224362205,West,B,2024-01,Q1 2024
2024-01-14T00:00:00,117.75029720697916,45.81776966479279,69.86500424507851,West,C,2024-01,Q1 2024
2024-01-14T00:00:00,167.06544160621826,66.44094371389616,100.2219166883856,West,D,2024-01,Q1 2024
2024-01-15T00:00:00,118.43049143751638,49.575633673330515,70.10694488956985,North,A,2024-01,Q1 2024
2024-01-15T00:00:00,146.96554624026206,58.2385273462063,93.33685114971163,North,B,2024-01,Q1 2024
2024-01-15T00:00:00,97.8199306377702,34.02468143893135,60.97600516717279,North,C,2024-01,Q1 2024
2024-01-15T00:00:00,150.98217985666705,53.806042994558645,85.87482919604997,North,D,2024-01,Q1 2024
2024-01-15T00:00:00,108.26372302250356,38.90724641248204,61.74136666558397,South,A,2024-01,Q1 2024
2024-01-15T00:00:00,125.59807095599187,47.33758100850562,76.37632347384948,South,B,2024-01,Q1 2024
2024-01-15T00:00:00,81.62635077565635,34.27492229038586,51.48267237488807,South,C,2024-01,Q1 2024
2024-01-15T00:00:00,112.98556325665186,45.41346560070072,74.26569038818428,South,D,2024-01,Q1 2024
2024-01-15T00:00:00,125.52231955741375,47.47438828180909,80.47339813977118,East,A,2024-01,Q1 2024
2024-01-15T00:00:00,100.67682292524486,44.923202205496864,67.0635854043032,East,B,2024-01,Q1 2024
2024-01-15T00:00:00,81.70425630237665,31.2508321498033,46.514886795916716,East,C,2024-01,Q1 2024
2024-01-15T00:00:00,108.73467209284625,42.70399255684464,63.4206447009181,East,D,2024-01,Q1 2024
2024-01-15T00:00:00,149.3416020521885,55.82469137718468,92.90694285409789,West,A,2024-01,Q1 2024
2024-01-15T00:00:00,157.19701126787632,60.18058552191731,95.78013111880516,West,B,2024-01,Q1 2024
2024-01-15T00:00:00,98.607938111051,35.437469407142544,57.9397838115407,West,C,2024-01,Q1 2024
2024-01-15T00:00:00,150.8432983307281,59.7160665999253,91.44818459576511,West,D,2024-01,Q1 2024
2024-01-16T00:00:00,132.10780442277797,50.37355989907481,77.09605289732242,North,A,2024-01,Q1 2024
2024-01-16T00:00:00,147.3935072704536,53.6001097210797,88.16551543177037,North,B,2024-01,Q1 2024
2024-01-16T00:00:00,86.77563087113847,37.65603416183111,55.29568214968021,North,C,2024-01,Q1 2024
2024-01-16T00:00:00,137.3116404269868,54.44225209776587,81.01487646419749,North,D,2024-01,Q1 2024
2024-01-16T00:00:00,79.96963439145007,31.789702169196797,57.06844969722949,South,A,2024-01,Q1 2024
2024-01-16T00:00:00,126.96420679440583,46.63501595924803,75.20555188456137,South,B,2024-01,Q1 2024
2024-01-16T00:00:00,71.34165709439483,35.11716465111395,48.281235375696376,South,C,2024-01,Q1 2024
2024-01-16T00:00:00,103.88682847257465,41.79464477612412,58.499433188471954,South,D,2024-01,Q1 2024
2024-01-16T00:00:00,101.10955919737039,38.469018151146415,62.4834016707563,East,A,2024-01,Q1 2024
2024-01-16T00:00:00,154.92497632726915,58.49005737716472,92.66233323713331,East,B,2024-01,Q1 2024
2024-01-16T00:00:00,102.35526130979471,38.95949830502611,57.65761214455413,East,C,2024-01,Q1 2024
2024-01-16T00:00:00,128.08373856508254,52.729193765339176,77.34304113608174,East,D,2024-01,Q1 2024
2024-01-16T00:00:00,139.42342577035427,60.33804970317754,86.10893353126735,West,A,2024-01,Q1 2024
2024-01-16T00:00:00,182.90257359737123,79.15195888910382,112.80026677513628,West,B,2024-01,Q1 2024
2024-01-16T00:00:00,93.76037564680497,37.20360921746142,58.863485567836044,West,C,2024-01,Q1 2024
2024-01-16T00:00:00,145.98999666569216,58.994768668206724,94.07520495761912,West,D,2024-01,Q1 2024
2024-01-17T00:00:00,138.29841234770967,55.27353561762266,81.19733146965797,North,A,2024-01,Q1 2024
2024-01-17T00:00:00,142.71014852094007,59.13163062875293,84.58318295815394,North,B,2024-01,Q1 2024
2024-01-17T00:00:00,99.79560116410154,37.67994635160234,60.57808925366744,North,C,2024-01,Q1 2024
2024-01-17T00:00:00,104.70096733749588,46.06912609065171,68.72126770879751,North,D,2024-01,Q1 2024
2024-01-17T00:00:00,108.65967894910472,48.198719829306214,65.91440599543567,South,A,2024-01,Q1 2024
2024-01-17T00:00:00,116.40673282563243,47.3387956413509,63.453821818119934,South,B,2024-01,Q1 2024
2024-01-17T00:00:00,94.08820679914399,33.454991051642544,52.64767793911041,South,C,2024-01,Q1 2024
2024-01-17T00:00:00,110.92329108681336,42.77110392847411,63.85465613180737,South,D,2024-01,Q1 2024
2024-01-17T00:00:00,111.10847399523745,44.279871305638686,61.85452939291302,East,A,2024-01,Q1 2024
2024-01-17T00:00:00,122.1456853087673,58.71588636960744,77.63938158587035,East,B,2024-01,Q1 2024
2024-01-17T00:00:00,75.75379871391412,29.08283449187667,50.706922842762495,East,C,2024-01,Q1 2024
2024-01-17T00:00:00,112.3700104075495,44.693613887726706,66.75719702897791,East,D,2024-01,Q1 2024
2024-01-17T00:00:00,121.17509089613009,54.69297656011788,74.89836274897385,West,A,2024-01,Q1 2024
2024-01-17T00:00:00,126.14941479718324,56.49009630056233,78.0026171575804,West,B,2024-01,Q1 2024
2024-01-17T00:00:00,96.01596148290413,38.65194984741013,62.29889097055569,West,C,2024-01,Q1 2024
2024-01-17T00:00:00,146.74885933641832,61.687535623868555,86.47954415674299,West,D,2024-01,Q1 2024
2024-01-18T00:00:00,110.3982840866227,46.05713254885001,65.03365253193572,North,A,2024-01,Q1 2024
2024-01-18T00:00:00,147.45392786793087,63.34856253372768,85.88212297659626,North,B,2024-01,Q1 2024
2024-01-18T00:00:00,82.20187865267476,41.049772147444756,54.58506990379398,North,C,2024-01,Q1 2024
2024-01-18T00:00:00,123.84748153872582,63.73269088353648,80.58201240418963,North,D,2024-01,Q1 2024
2024-01-18T00:00:00,98.72032299423643,45.010986152039656,58.640357066664826,South,A,2024-01,Q1 2024
2024-01-18T00:00:00,114.83056494625565,43.15754022210903,61.9656864988821,South,B,2024-01,Q1 2024
2024-01-18T00:00:00,83.8321901823075,34.249028630798556,48.28593083200909,South,C,2024-01,Q1 2024
2024-01-18T00:00:00,127.35269615028277,53.63063370306111,76.71476236454971,South,D,2024-01,Q1 2024
2024-01-18T00:00:00,121.37403687427553,49.874344319158695,65.19472186794151,East,A,2024-01,Q1 2024
2024-01-18T00:00:00,139.3798555336195,61.1933427062486,83.31759448814269,East,B,2024-01,Q1 2024
2024-01-18T00:00:00,84.2682497341782,35.28972773693687,49.142623100545315,East,C,2024-01,Q1 2024
2024-01-18T00:00:00,135.0611367520115,54.43550396361271,79.55366571153365,East,D,2024-01,Q1 2024
2024-01-18T00:00:00,133.435720004954,59.77699245555763,82.99131231925269,West,A,2024-01,Q1 2024
2024-01-18T00:00:00,152.10851992702857,59.88445927089707,85.14651273541891,West,B,2024-01,Q1 2024
2024-01-18T00:00:00,98.14018028045624,37.45035997595945,54.442998040715246,West,C,2024-01,Q1 2024
2024-01-18T00:00:00,154.85382249704443,63.11791057517154,88.68976138788817,West,D,2024-01,Q1 2024
2024-01-19T00:00:00,98.98873375347983,50.01663703378767,62.533225345824036,North,A,2024-01,Q1 2024
2024-01-19T00:00:00,137.321307842411,56.76968620172937,71.5850763079176,North,B,2024-01,Q1 2024
2024-01-19T00:00:00,79.14755701544536,24.73459218588807,35.49873707239902,North,C,2024-01,Q1 2024
2024-01-19T00:00:00,148.98193304703244,62.55613105869956,79.50767665227278,North,D,2024-01,Q1 2024
2024-01-19T00:00:00,102.05783647779138,44.03122242060475,56.598704880584144,South,A,2024-01,Q1 2024
2024-01-19T00:00:00,111.60251177342086,45.523477518195136,63.56875597438974,South,B,2024-01,Q1 2024
2024-01-19T00:00:00,60.848246473518486,23.224992204598074,32.94200044700986,South,C,2024-01,Q1 2024
2024-01-19T00:00:00,110.3177198113182,46.8863477643506,56.08530922600518,South,D,2024-01,Q1 2024
2024-01-19T00:00:00,97.11133652824559,36.50843678421336,52.50231532348217,East,A,2024-01,Q1 2024
2024-01-19T00:00:00,124.9958137549835,55.753810467833965,71.73180109006918,East,B,2024-01,Q1 2024
2024-01-19T00:00:00,78.71039409440715,28.145874223223256,45.067578475797,East,C,2024-01,Q1 2024
2024-01-19T00:00:00,115.35337880059924,48.74551621166441,67.24543607899076,East,D,2024-01,Q1 2024
2024-01-19T00:00:00,122.4622338248325,53.572221793335636,72.49052830429275,West,A,2024-01,Q1 2024
2024-01-19T00:00:00,148.6063087926447,61.2588906340976,83.71268280400552,West,B,2024-01,Q1 2024
2024-01-19T00:00:00,93.39311862498653,32.41000635470175,47.11782845258442,West,C,2024-01,Q1 2024
2024-01-19T00:00:00,130.12414775721768,52.764649536468106,74.49551144649874,West,D,2024-01,Q1 2024
2024-01-20T00:00:00,105.44914259623596,43.20253169804659,62.635897182837866,North,A,2024-01,Q1 2024
2024-01-20T00:00:00,119.53114090320472,53.72809027871457,66.98287591105431,North,B,2024-01,Q1 2024
2024-01-20T00:00:00,86.95166740662984,38.61241168607877,48.825789631898544,North,C,2024-01,Q1 2024
2024-01-20T00:00:00,145.6068245836606,57.4340533521505,72.7080749093717,North,D,2024-01,Q1 2024
2024-01-20T00:00:00,103.37574110130933,37.33349938297324,54.01090493704344,South,A,2024-01,Q1 2024
2024-01-20T00:00:00,125.14921043035196,57.89797305855504,74.98292106414979,South,B,2024-01,Q1 2024
2024-01-20T00:00:00,69.23991094581478,29.117577157515814,37.365679385579114,South,C,2024-01,Q1 2024
2024-01-20T00:00:00,87.77218010823063,41.3467659299665,51.1074194547358,South,D,2024-01,Q1 2024
2024-01-20T00:00:00,96.01733210771802,46.58816066844958,59.868348290147786,East,A,2024-01,Q1 2024
2024-01-20T00:00:00,99.31512410654862,46.488254953706566,52.22031124364166,East,B,2024-01,Q1 2024
2024-01-20T00:00:00,96.80692839138808,39.489665721089544,52.99559390087767,East,C,2024-01,Q1 2024
2024-01-20T00:00:00,118.17736335119275,53.36189278657984,64.21036439873124,East,D,2024-01,Q1 2024
2024-01-20T00:00:00,116.70347736879582,54.03649901717362,67.59405736917142,West,A,2024-01,Q1 2024
2024-01-20T00:00:00,141.49073400225768,62.71257797151991,77.08989675828275,West,B,2024-01,Q1 2024
2024-01-20T00:00:00,85.15085887646872,41.7390353998142,48.916592652345884,West,C,2024-01,Q1 2024
2024-01-20T00:00:00,166.90001677444144,73.02755858826497,91.8637834102697,West,D,2024-01,Q1 2024
2024-01-21T00:00:00,111.40348825144977,52.78696378352479,63.416604313482644,North,A,2024-01,Q1 2024
2024-01-21T00:00:00,115.72915558483861,49.76991871131872,68.12276817582398,North,B,2024-01,Q1 2024
2024-01-21T00:00:00,68.01538080371645,36.74871073553987,48.18285788139747,North,C,2024-01,Q1 2024
2024-01-21T00:00:00,125.87501079768748,55.20660140117464,66.52366429351504,North,D,2024-01,Q1 2024
2024-01-21T00:00:00,97.43469576812953,45.466659295877186,54.864981747803334,South,A,2024-01,Q1 2024
2024-01-21T00:00:00,106.37492548900985,45.28173192916151,54.096612223093814,South,B,2024-01,Q1 2024
2024-01-21T00:00:00,71.84481447588124,34.56421828420718,41.83924157944822,South,C,2024-01,Q1 2024
2024-01-21T00:00:00,112.81000041340579,49.80646051700205,62.19050045416911,South,D,2024-01,Q1 2024
2024-01-21T00:00:00,117.40322604568745,51.79955116981383,60.222008738944126,East,A,2024-01,Q1 2024
2024-01-21T00:00:00,106.36282766462455,46.90233347510907,58.784138498840086,East,B,2024-01,Q1 2024
2024-01-21T00:00:00,83.60464474090621,36.35448279274861,45.36320512984907,East,C,2024-01,Q1 2024
2024-01-21T00:00:00,101.52402348297892,47.49933365538694,60.795841366461836,East,D,2024-01,Q1 2024
2024-01-21T00:00:00,109.14277508343383,52.534577369575686,60.638330264302844,West,A,2024-01,Q1 2024
2024-01-21T00:00:00,149.26110461048626,64.49706146994231,77.08224288566444,West,B,2024-01,Q1 2024
2024-01-21T00:00:00,89.16234880724933,39.79107104281449,50.05992818600278,West,C,2024-01,Q1 2024
2024-01-21T00:00:00,134.97330251750552,62.26816205114961,76.38201742440056,West,D,2024-01,Q1 2024
2024-01-22T00:00:00,113.27672736767212,48.27826686006955,66.62982676762476,North,A,2024-01,Q1 2024
2024-01-22T00:00:00,113.07569964150873,49.41642607587945,57.66880062175458,North,B,2024-01,Q1 2024
2024-01-22T00:00:00,96.75790863203375,41.35457883602354,44.695938208027,North,C,2024-01,Q1 2024
2024-01-22T00:00:00,116.59270894301231,48.69124673044436,61.87242731879115,North,D,2024-01,Q1 2024
2024-01-22T00:00:00,92.94975728497975,42.09472713730499,46.37117587314866,South,A,2024-01,Q1 2024
2024-01-22T00:00:00,120.38746225882389,56.08006373778347,63.15159684949909,South,B,2024-01,Q1 2024
2024-01-22T00:00:00,64.53067248723237,31.43881157813224,40.42045325974905,South,C,2024-01,Q1 2024
2024-01-22T00:00:00,77.53201006584928,44.085491658541144,45.509189024868924,South,D,2024-01,Q1 2024
2024-01-22T00:00:00,98.70721451900174,41.52010714174594,53.822756748158696,East,A,2024-01,Q1 2024
2024-01-22T00:00:00,125.96802764733627,65.9835380246415,67.68454145721311,East,B,2024-01,Q1 2024
2024-01-22T00:00:00,87.61596699729414,43.81805802874857,49.329692328163205,East,C,2024-01,Q1 2024
2024-01-22T00:00:00,106.81961553772965,52.63228787457692,57.97890270419678,East,D,2024-01,Q1 2024
2024-01-22T00:00:00,145.14987552573254,65.85861678178978,77.88197804632256,West,A,2024-01,Q1 2024
2024-01-22T00:00:00,120.00827113554814,61.47163503393157,65.68215946006032,West,B,2024-01,Q1 2024
2024-01-22T00:00:00,88.8156868615324,43.47593404928301,47.65150813493209,West,C,2024-01,Q1 2024
2024-01-22T00:00:00,141.67250511419698,63.14764064855572,81.04607521217399,West,D,2024-01,Q1 2024
2024-01-23T00:00:00,105.43943168834195,54.54817779445639,57.242461420509294,North,A,2024-01,Q1 2024
2024-01-23T00:00:00,149.15788759370594,63.627339815927826,74.63066161829472,North,B,2024-01,Q1 2024
2024-01-23T00:00:00,90.04676659620523,46.62338552985794,47.681496463847836,North,C,2024-01,Q1 2024
2024-01-23T00:00:00,133.16709033999223,59.47351641711355,65.55775971302299,North,D,2024-01,Q1 2024
2024-01-23T00:00:00,70.94897330034668,44.45175736152083,40.29120354408346,South,A,2024-01,Q1 2024
2024-01-23T00:00:00,104.46755112225918,51.08678970743347,57.318522432776206,South,B,2024-01,Q1 2024
2024-01-23T00:00:00,75.45857763719889,36.64115854394965,41.796601045711284,South,C,2024-01,Q1 2024
2024-01-23T00:00:00,104.79512583309376,47.32808983878402,52.372988541224174,South,D,2024-01,Q1 2024
2024-01-23T00:00:00,112.73966409129665,51.19134755505004,53.63034802901941,East,A,2024-01,Q1 2024
2024-01-23T00:00:00,121.82443761091851,57.69189944418731,66.97620062795124,East,B,2024-01,Q1 2024
2024-01-23T00:00:00,90.21791938283218,43.631634787410036,50.81085563880921,East,C,2024-01,Q1 2024
2024-01-23T00:00:00,125.91392785779112,55.204038393787094,55.87647731168505,East,D,2024-01,Q1 2024
2024-01-23T00:00:00,131.24054866425337,65.16281762166543,69.38756008296221,West,A,2024-01,Q1 2024
2024-01-23T00:00:00,136.20900752278808,66.82535439384343,73.1770336301148,West,B,2024-01,Q1 2024
2024-01-23T00:00:00,93.5763528503284,47.96218469138397,48.47033270954157,West,C,2024-01,Q1 2024
2024-01-23T00:00:00,118.70272716983357,58.79126827231889,60.058774207712155,West,D,2024-01,Q1 2024
2024-01-24T00:00:00,109.35239105323474,50.36212815442062,57.85868785360913,North,A,2024-01,Q1 2024
2024-01-24T00:00:00,133.40611053207664,60.681509068164196,67.08954611032416,North,B,2024-01,Q1 2024
2024-01-24T00:00:00,93.14760119119593,51.01513965508883,48.37824647903694,North,C,2024-01,Q1 2024
2024-01-24T00:00:00,129.2402125695134,55.84172188958728,60.95882169780001,North,D,2024-01,Q1 2024
2024-01-24T00:00:00,83.1112999572297,35.392425930876335,44.86677764287663,South,A,2024-01,Q1 2024
2024-01-24T00:00:00,103.53608259106392,54.127615821862136,57.12422588723847,South,B,2024-01,Q1 2024
2024-01-24T00:00:00,93.48732193608625,45.256418525803596,46.44631373315369,South,C,2024-01,Q1 2024
2024-01-24T00:00:00,104.69035443874796,49.37813682615045,55.606800629151344,South,D,2024-01,Q1 2024
2024-01-24T00:00:00,96.71417534646072,49.83786218873948,53.14222616386879,East,A,2024-01,Q1 2024
2024-01-24T00:00:00,129.2886618596624,55.38071411047496,62.70791108295116,East,B,2024-01,Q1 2024
2024-01-24T00:00:00,65.44811969708121,35.82666719080854,38.46259851734331,East,C,2024-01,Q1 2024
2024-01-24T00:00:00,130.6809070896409,58.447158704107665,69.7153146224401,East,D,2024-01,Q1 2024
2024-01-24T00:00:00,138.49734305895893,64.72846221481278,68.26006155680662,West,A,2024-01,Q1 2024
2024-01-24T00:00:00,145.04609006555674,72.99877113801722,75.34382180336678,West,B,2024-01,Q1 2024
2024-01-24T00:00:00,86.34260385819184,44.775401335033166,44.05106969921163,West,C,2024-01,Q1 2024
2024-01-24T00:00:00,136.4734477036385,64.79352476117616,67.83042023381736,West,D,2024-01,Q1 2024
2024-01-25T00:00:00,114.84984617062626,53.887813245341874,54.37126218989978,North,A,2024-01,Q1 2024
2024-01-25T00:00:00,142.6194519187806,70.31588195112195,67.51189711478102,North,B,2024-01,Q1 2024
2024-01-25T00:00:00,86.37716420758636,38.04959538917266,43.59212502011265,North,C,2024-01,Q1 2024
2024-01-25T00:00:00,138.50359456760123,64.3530770118284,67.3080417065575,North,D,2024-01,Q1 2024
2024-01-25T00:00:00,79.28680640859393,40.06635177912209,43.410150737598926,South,A,2024-01,Q1 2024
2024-01-25T00:00:00,115.75029825036754,62.97599531864456,60.726016189918134,South,B,2024-01,Q1 2024
2024-01-25T00:00:00,69.2679325915479,28.384940359148366,39.114420640041935,South,C,2024-01,Q1 2024
2024-01-25T00:00:00,106.60110811987225,52.95567161268573,56.284924879860405,South,D,2024-01,Q1 2024
2024-01-25T00:00:00,83.08901454342784,44.25836534901142,41.35012777367487,East,A,2024-01,Q1 2024
2024-01-25T00:00:00,118.73041407330972,62.70431564518294,64.13701443394942,East,B,2024-01,Q1 2024
2024-01-25T00:00:00,73.98365185917807,31.087892600875758,33.247782881593544,East,C,2024-01,Q1 2024
2024-01-25T00:00:00,119.75770602562851,52.64114880220086,58.44926471904482,East,D,2024-01,Q1 2024
2024-01-25T00:00:00,130.6281110367908,62.639905649048096,64.31794633909202,West,A,2024-01,Q1 2024
2024-01-25T00:00:00,134.6419967747467,62.336988805665044,62.81517055090376,West,B,2024-01,Q1 2024
2024-01-25T00:00:00,106.32527427854023,42.63656072469233,50.06078063237154,West,C,2024-01,Q1 2024
2024-01-25T00:00:00,152.71926657160503,69.6309678124724,71.40719665114209,West,D,2024-01,Q1 2024
2024-01-26T00:00:00,118.06250886033763,52.73110290622382,54.92074730769877,North,A,2024-01,Q1 2024
2024-01-26T00:00:00,124.58384165412058,63.967077361002964,69.00077519933468,North,B,2024-01,Q1 2024
2024-01-26T00:00:00,92.27326264845816,45.11388435498528,44.41933037996437,North,C,2024-01,Q1 2024
2024-01-26T00:00:00,135.1986521647975,66.1244095878652,75.30820395691416,North,D,2024-01,Q1 2024
2024-01-26T00:00:00,91.67644604784437,45.64462015012453,50.80859977797263,South,A,2024-01,Q1 2024
2024-01-26T00:00:00,105.26852000108721,58.05199277334084,55.82931575198083,South,B,2024-01,Q1 2024
2024-01-26T00:00:00,93.42122291471377,41.93620470733671,47.304844915297785,South,C,2024-01,Q1 2024
2024-01-26T00:00:00,106.88918848482797,51.91303178870796,50.473773462410584,South,D,2024-01,Q1 2024
2024-01-26T00:00:00,101.4868810595356,46.36270297757323,48.162751071252956,East,A,2024-01,Q1 2024
2024-01-26T00:00:00,113.87282156946705,61.13520508818211,54.67213008253852,East,B,2024-01,Q1 2024
2024-01-26T00:00:00,89.63122149270401,40.35916462578753,42.87677350860166,East,C,2024-01,Q1 2024
2024-01-26T00:00:00,103.36851301588761,49.20986324511843,53.42714148107703,East,D,2024-01,Q1 2024
2024-01-26T00:00:00,151.1746095908943,69.7022697828966,70.9150137507097,West,A,2024-01,Q1 2024
2024-01-26T00:00:00,149.38336735127695,75.33251308888386,76.24133443655354,West,B,2024-01,Q1 2024
2024-01-26T00:00:00,107.0978817714181,46.3990926488314,53.37093087096608,West,C,2024-01,Q1 2024
2024-01-26T00:00:00,153.22229472814004,69.26105674047285,76.97037195140793,West,D,2024-01,Q1 2024
2024-01-27T00:00:00,130.00837813842747,61.02577248445173,65.08948942612898,North,A,2024-01,Q1 2024
2024-01-27T00:00:00,152.57291314302438,73.00791437768278,75.38088580319624,North,B,2024-01,Q1 2024
2024-01-27T00:00:00,83.92481038289337,48.4085093446442,44.32983809072733,North,C,2024-01,Q1 2024
2024-01-27T00:00:00,149.7300334840468,72.92327788872873,71.33186740471359,North,D,2024-01,Q1 2024
2024-01-27T00:00:00,97.9248479228104,45.52992857982526,50.45351035619254,South,A,2024-01,Q1 2024
2024-01-27T00:00:00,105.69396405681812,47.6884183032947,51.07561623106609,South,B,2024-01,Q1 2024
2024-01-27T00:00:00,76.23408797643187,39.90612611735999,38.43276081877304,South,C,2024-01,Q1 2024
2024-01-27T00:00:00,105.96755191910279,55.82914385546793,61.1253032016244,South,D,2024-01,Q1 2024
2024-01-27T00:00:00,90.84883769427859,47.90899548432308,48.2294541754357,East,A,2024-01,Q1 2024
2024-01-27T00:00:00,132.50647719671662,65.89725097261906,68.286854662957,East,B,2024-01,Q1 2024
2024-01-27T00:00:00,85.99656082434682,44.923735524615054,48.0965985462231,East,C,2024-01,Q1 2024
2024-01-27T00:00:00,108.78311524317526,59.24276067219061,57.49348077429158,East,D,2024-01,Q1 2024
2024-01-27T00:00:00,102.5912016091387,46.78672492221858,49.78031717869791,West,A,2024-01,Q1 2024
2024-01-27T00:00:00,156.7439365024187,78.78169601452309,78.26712479927772,West,B,2024-01,Q1 2024
2024-01-27T00:00:00,104.38396678505137,54.21450947095431,54.91435711270527,West,C,2024-01,Q1 2024
2024-01-27T00:00:00,130.72044014087675,60.03822930130235,65.26052551991937,West,D,2024-01,Q1 2024
2024-01-28T00:00:00,130.99042159953802,58.95615735547355,61.47431432073692,North,A,2024-01,Q1 2024
2024-01-28T00:00:00,139.19165904859074,71.28275843429816,68.59200401741693,North,B,2024-01,Q1 2024
2024-01-28T00:00:00,78.74524033876297,44.01409951549023,46.34230495225328,North,C,2024-01,Q1 2024
2024-01-28T00:00:00,127.03895723053736,62.814900323680114,67.60207861736322,North,D,2024-01,Q1 2024
2024-01-28T00:00:00,88.40142872111073,45.61876432705723,45.518600709606545,South,A,2024-01,Q1 2024
2024-01-28T00:00:00,122.5403910525394,49.42926319785433,61.35195115191347,South,B,2024-01,Q1 2024
2024-01-28T00:00:00,62.71597642028169,36.71691472152153,39.4331510719433,South,C,2024-01,Q1 2024
2024-01-28T00:00:00,109.04705069586069,55.8880845764394,55.86125706454063,South,D,2024-01,Q1 2024
2024-01-28T00:00:00,128.03016590586012,61.086526473014295,60.255371270396786,East,A,2024-01,Q1 2024
2024-01-28T00:00:00,120.794963641918,67.71165763723772,63.46059550889001,East,B,2024-01,Q1 2024
2024-01-28T00:00:00,89.25336386087994,42.474615266641514,47.54223113401495,East,C,2024-01,Q1 2024
2024-01-28T00:00:00,111.14232406179163,51.705608474874836,53.59622153119501,East,D,2024-01,Q1 2024
2024-01-28T00:00:00,120.13893933915438,57.616381145587546,60.0349935455094,West,A,2024-01,Q1 2024
2024-01-28T00:00:00,131.75343909017207,60.188731823048364,68.98618593555337,West,B,2024-01,Q1 2024
2024-01-28T00:00:00,96.08939510915043,49.68032554518486,51.26488701895946,West,C,2024-01,Q1 2024
2024-01-28T00:00:00,152.1833553540601,65.59428900972462,74.49134886357736,West,D,2024-01,Q1 2024
2024-01-29T00:00:00,121.51960491131881,57.88798649452777,59.410569255774135,North,A,2024-01,Q1 2024
2024-01-29T00:00:00,135.52525408564458,70.81657256203222,71.95945552076947,North,B,2024-01,Q1 2024
2024-01-29T00:00:00,114.02988596822719,53.26772924639662,55.91281170494664,North,C,2024-01,Q1 2024
2024-01-29T00:00:00,100.35530451572534,53.259691749486606,56.835122480760496,North,D,2024-01,Q1 2024
2024-01-29T00:00:00,87.19174240391132,38.625914247019935,42.93503945543159,South,A,2024-01,Q1 2024
2024-01-29T00:00:00,141.39517349656683,65.52600288321287,68.79699763947822,South,B,2024-01,Q1 2024
2024-01-29T00:00:00,58.09226907064407,29.253663482221608,29.826622413849112,South,C,2024-01,Q1 2024
2024-01-29T00:00:00,107.04295560782471,51.00018874644738,53.68393433951233,South,D,2024-01,Q1 2024
2024-01-29T00:00:00,113.21986464988555,50.511787986185304,60.049040943017204,East,A,2024-01,Q1 2024
2024-01-29T00:00:00,129.8054870151907,64.96805829007067,67.33425614269245,East,B,2024-01,Q1 2024
2024-01-29T00:00:00,97.09503732218326,44.508436035047815,50.03667538761721,East,C,2024-01,Q1 2024
2024-01-29T00:00:00,106.89413568678127,51.42615524882142,54.40925822259877,East,D,2024-01,Q1 2024
2024-01-29T00:00:00,119.90964850782875,61.00715414684391,66.85125466753239,West,A,2024-01,Q1 2024
2024-01-29T00:00:00,154.57794482784803,81.1776119199016,80.60348243874134,West,B,2024-01,Q1 2024
2024-01-29T00:00:00,117.09831476049317,53.75908405455678,62.81519875226558,West,C,2024-01,Q1 2024
2024-01-29T00:00:00,131.49814814752503,64.48430490391803,64.07857891153265,West,D,2024-01,Q1 2024
2024-01-30T00:00:00,138.76055040161634,67.68098804148273,73.7165194985104,North,A,2024-01,Q1 2024
2024-01-30T00:00:00,149.55053800394293,71.81322489296642,72.56667396035787,North,B,2024-01,Q1 2024
2024-01-30T00:00:00,102.82973706315776,56.13609333673299,60.357152553283285,North,C,2024-01,Q1 2024
2024-01-30T00:00:00,118.38490345095451,54.15788009169784,62.534138732994315,North,D,2024-01,Q1 2024
2024-01-30T00:00:00,101.35360279522484,50.43782157695753,53.73977241685935,South,A,2024-01,Q1 2024
2024-01-30T00:00:00,112.8337917228156,49.29460698182134,57.923239400061675,South,B,2024-01,Q1 2024
2024-01-30T00:00:00,96.28152012789147,38.38882388874403,44.92680698746073,South,C,2024-01,Q1 2024
2024-01-30T00:00:00,111.71667088856819,50.21530818069967,58.51986844293372,South,D,2024-01,Q1 2024
2024-01-30T00:00:00,106.35894531907088,52.42916361190403,55.653740345191224,East,A,2024-01,Q1 2024
2024-01-30T00:00:00,127.67153831445196,60.92291136775486,66.29156502894601,East,B,2024-01,Q1 2024
2024-01-30T00:00:00,95.06026125977107,43.232238284836725,44.926584830176154,East,C,2024-01,Q1 2024
2024-01-30T00:00:00,129.79401629981365,66.25522577092651,69.46654627482327,East,D,2024-01,Q1 2024
2024-01-30T00:00:00,134.87020508099437,58.58084950213691,67.08460755578096,West,A,2024-01,Q1 2024
2024-01-30T00:00:00,142.39060771970327,72.80706324559539,78.52897429112988,West,B,2024-01,Q1 2024
2024-01-30T00:00:00,116.60389278400464,49.04662503943796,58.56452456791813,West,C,2024-01,Q1 2024
2024-01-30T00:00:00,132.75498922828,64.32930105958366,70.08131354880331,West,D,2024-01,Q1 2024
2024-01-31T00:00:00,104.6562969070931,44.027705389762005,54.149304887746304,North,A,2024-01,Q1 2024
2024-01-31T00:00:00,177.70294124087826,77.75599819115567,96.3809949956555,North,B,2024-01,Q1 2024
2024-01-31T00:00:00,121.52988413708053,48.62351340061002,60.419383128483325,North,C,2024-01,Q1 2024
2024-01-31T00:00:00,131.4326552965215,69.71352767082192,67.17595878148106,North,D,2024-01,Q1 2024
2024-01-31T00:00:00,107.89450000773212,52.675257273391146,56.33410215727364,South,A,2024-01,Q1 2024
2024-01-31T00:00:00,125.37991522156008,60.422960313903346,67.03619401750619,South,B,2024-01,Q1 2024
2024-01-31T00:00:00,85.62606349210122,42.08383376023556,46.463056966420446,South,C,2024-01,Q1 2024
2024-01-31T00:00:00,125.73256855409191,53.66510169733548,69.5291810715062,South,D,2024-01,Q1 2024
2024-01-31T00:00:00,100.75336069707696,46.912819646750194,58.07126504778201,East,A,2024-01,Q1 2024
2024-01-31T00:00:00,123.63336497291061,53.70432792817105,57.85494263189606,East,B,2024-01,Q1 2024
2024-01-31T00:00:00,92.43118165131989,44.16820138649785,49.689008347571885,East,C,2024-01,Q1 2024
2024-01-31T00:00:00,133.25890813722148,61.585772846071336,70.33067005664489,East,D,2024-01,Q1 2024
2024-01-31T00:00:00,140.25215121949742,64.78818955729625,65.69500407537988,West,A,2024-01,Q1 2024
2024-01-31T00:00:00,176.487343444056,82.11365579863859,92.56684349630807,West,B,2024-01,Q1 2024
2024-01-31T00:00:00,126.8880293012562,54.86820566743327,65.77766289398689,West,C,2024-01,Q1 2024
2024-01-31T00:00:00,129.41584674390623,61.93759553245156,74.22097730639493,West,D,2024-01,Q1 2024
2024-02-01T00:00:00,143.58594145568662,66.73884507671214,77.48931321326194,North,A,2024-02,Q1 2024
2024-02-01T00:00:00,146.747726918385,68.59814395771481,79.89978147261071,North,B,2024-02,Q1 2024
2024-02-01T00:00:00,118.78653376359784,53.81708046268504,64.62257916416509,North,C,2024-02,Q1 2024
2024-02-01T00:00:00,136.83904723711666,64.17869931071529,75.09071500109577,North,D,2024-02,Q1 2024
2024-02-01T00:00:00,97.50525033464977,42.5944883851145,52.6401724808349,South,A,2024-02,Q1 2024
2024-02-01T00:00:00,103.53784330650706,46.91818449049494,53.92262944309772,South,B,2024-02,Q1 2024
2024-02-01T00:00:00,94.51560274419188,36.30324652411795,47.17637638170178,South,C,2024-02,Q1 2024
2024-02-01T00:00:00,102.26231132851969,51.458860577627874,57.60373850468578,South,D,2024-02,Q1 2024
2024-02-01T00:00:00,103.92933246384953,54.075471496119654,59.30091009068438,East,A,2024-02,Q1 2024
2024-02-01T00:00:00,142.68223868287177,68.7713635994268,73.98832538293175,East,B,2024-02,Q1 2024
2024-02-01T00:00:00,66.28154766736047,35.326418191033504,37.91530800296992,East,C,2024-02,Q1 2024
2024-02-01T00:00:00,128.9902793212045,62.60254276871629,69.32019287115143,East,D,2024-02,Q1 2024
2024-02-01T00:00:00,149.67154489568577,70.54779762571428,85.29634627445714,West,A,2024-02,Q1 2024
2024-02-01T00:00:00,172.6134236085539,80.11614333939512,91.42722365134202,West,B,2024-02,Q1 2024
2024-02-01T00:00:00,102.5104551740725,46.297105951130035,56.99220596377165,West,C,2024-02,Q1 2024
2024-02-01T00:00:00,147.39778946300623,64.9176801640253,76.85697651483592,West,D,2024-02,Q1 2024
2024-02-02T00:00:00,128.040144370407,59.32217476252449,68.68305055116872,North,A,2024-02,Q1 2024
2024-02-02T00:00:00,145.98438544141553,61.84962667459864,79.97726042083757,North,B,2024-02,Q1 2024
2024-02-02T00:00:00,104.6219750172627,45.56776964406582,55.85712327937411,North,C,2024-02,Q1 2024
2024-02-02T00:00:00,156.36517686106683,71.32402869915504,86.69295814783044,North,D,2024-02,Q1 2024
2024-02-02T00:00:00,107.59817492391295,42.0474783555523,60.879480057216675,South,A,2024-02,Q1 2024
2024-02-02T00:00:00,152.19727128009566,68.8116528069334,84.12299535934025,South,B,2024-02,Q1 2024
2024-02-02T00:00:00,87.87429815534192,36.958399895867394,47.4442183240894,South,C,2024-02,Q1 2024
2024-02-02T00:00:00,131.7321536326251,55.735528978673024,68.65848511136217,South,D,2024-02,Q1 2024
2024-02-02T00:00:00,122.62924281905109,49.10221104555868,61.59707167417173,East,A,2024-02,Q1 2024
2024-02-02T00:00:00,129.53428948122345,59.062839751713454,74.75503062850392,East,B,2024-02,Q1 2024
2024-02-02T00:00:00,98.6185593636273,41.78759832959031,51.14980637471188,East,C,2024-02,Q1 2024
2024-02-02T00:00:00,134.07133103050774,65.54834875798201,77.18295465061945,East,D,2024-02,Q1 2024
2024-02-02T00:00:00,147.80508344233073,63.754799500354025,86.38407312517936,West,A,2024-02,Q1 2024
2024-02-02T00:00:00,174.22166040850675,77.2277018426879,101.14609666261187,West,B,2024-02,Q1 2024
2024-02-02T00:00:00,109.38730222661414,42.49091854425377,57.2579405633537,West,C,2024-02,Q1 2024
2024-02-02T00:00:00,155.72153855096533,66.57880936449855,84.1688642125679,West,D,2024-02,Q1 2024
2024-02-03T00:00:00,129.74566543626904,60.86659615113189,75.08605246736171,North,A,2024-02,Q1 2024
2024-02-03T00:00:00,152.3956004199612,60.7969909243116,88.50129986710587,North,B,2024-02,Q1 2024
2024-02-03T00:00:00,137.1922455659271,57.939056341280356,74.74660498753688,North,C,2024-02,Q1 2024
2024-02-03T00:00:00,150.69543610909454,60.84754267155985,85.79850280506984,North,D,2024-02,Q1 2024
2024-02-03T00:00:00,121.25233554293645,52.51996854447928,66.49609890173465,South,A,2024-02,Q1 2024
2024-02-03T00:00:00,143.5924833518025,60.139503622641094,78.28458338183766,South,B,2024-02,Q1 2024
2024-02-03T00:00:00,96.48472385869167,34.90087838225793,47.18637296049122,South,C,2024-02,Q1 2024
2024-02-03T00:00:00,123.03122348334868,53.95070481579644,69.83401154720038,South,D,2024-02,Q1 2024
2024-02-03T00:00:00,126.73285964608345,47.10775930122922,65.71607716685378,East,A,2024-02,Q1 2024
2024-02-03T00:00:00,136.68043552102648,62.529244034664195,85.16251266029296,East,B,2024-02,Q1 2024
2024-02-03T00:00:00,98.96277664211226,38.78468529516054,54.011369706761606,East,C,2024-02,Q1 2024
2024-02-03T00:00:00,127.58344701058004,60.05872601567061,74.07360998515217,East,D,2024-02,Q1 2024
2024-02-03T00:00:00,131.36799070906372,58.127736901001086,75.78269323843548,West,A,2024-02,Q1 2024
2024-02-03T00:00:00,198.3827422241872,86.10949711080525,112.40098782106107,West,B,2024-02,Q1 2024
2024-02-03T00:00:00,116.7172898225142,52.740916710189296,64.45468274257549,West,C,2024-02,Q1 2024
2024-02-03T00:00:00,156.65660434391958,65.3390437423765,92.23241937879885,West,D,2024-02,Q1 2024
2024-02-04T00:00:00,115.51505524115339,54.62989609938094,66.04587459410274,North,A,2024-02,Q1 2024
2024-02-04T00:00:00,158.95032608722028,67.57275444282372,95.36932066251454,North,B,2024-02,Q1 2024
2024-02-04T00:00:00,92.74030758984532,31.77860760898524,48.48935535855918,North,C,2024-02,Q1 2024
2024-02-04T00:00:00,146.69272821781828,56.120917563465795,83.75901658201153,North,D,2024-02,Q1 2024
2024-02-04T00:00:00,127.51592025059998,57.49337738617976,76.08356703462223,South,A,2024-02,Q1 2024
2024-02-04T00:00:00,139.86540259093024,57.304144091680215,81.51680345478047,South,B,2024-02,Q1 2024
2024-02-04T00:00:00,104.54504080180573,46.86562546258867,58.20666220855578,South,C,2024-02,Q1 2024
2024-02-04T00:00:00,113.49705227762176,51.5467751543162,64.75182051708289,South,D,2024-02,Q1 2024
2024-02-04T00:00:00,120.24029802770835,47.20314523393613,70.49850321745703,East,A,2024-02,Q1 2024
2024-02-04T00:00:00,159.8381999744589,67.28058028911505,93.93970136553483,East,B,2024-02,Q1 2024
2024-02-04T00:00:00,94.63640125961888,46.54228089852833,54.229897400227216,East,C,2024-02,Q1 2024
2024-02-04T00:00:00,128.41222127333052,58.02037342092928,75.49968444864064,East,D,2024-02,Q1 2024
2024-02-04T00:00:00,145.8895226005729,63.28118690899765,79.05977741227366,West,A,2024-02,Q1 2024
2024-02-04T00:00:00,150.42068431124332,59.55346428273566,85.35701330036856,West,B,2024-02,Q1 2024
2024-02-04T00:00:00,100.15094893213359,36.91508647163376,56.600888219294,West,C,2024-02,Q1 2024
2024-02-04T00:00:00,159.31553787557752,68.31142967692283,95.92533327077098,West,D,2024-02,Q1 2024
2024-02-05T00:00:00,142.89314483932972,63.70724681561954,79.06467165147211,North,A,2024-02,Q1 2024
2024-02-05T00:00:00,193.60597990596563,77.00585816811787,110.72136265378434,North,B,2024-02,Q1 2024
2024-02-05T00:00:00,113.31624630649628,44.490353795531405,66.85730445070467,North,C,2024-02,Q1 2024
2024-02-05T00:00:00,130.18502675732051,50.006162031418654,77.2093928971427,North,D,2024-02,Q1 2024
2024-02-05T00:00:00,121.26833452237581,43.113495919146246,72.84390229534642,South,A,2024-02,Q1 2024
2024-02-05T00:00:00,143.94664596146325,62.29189108791217,81.19852031491094,South,B,2024-02,Q1 2024
2024-02-05T00:00:00,102.78662376155152,34.63174195779713,57.49588514118293,South,C,2024-02,Q1 2024
2024-02-05T00:00:00,117.96154129929582,49.90400952566927,68.53371746152268,South,D,2024-02,Q1 2024
2024-02-05T00:00:00,117.57579966339476,45.20126944196911,66.77038005962676,East,A,2024-02,Q1 2024
2024-02-05T00:00:00,155.61677213701304,68.60618866852735,95.67867373271453,East,B,2024-02,Q1 2024
2024-02-05T00:00:00,79.95851382552054,37.98642383083082,46.979910403230754,East,C,2024-02,Q1 2024
2024-02-05T00:00:00,134.3824965358552,56.86755625915944,77.05172956619508,East,D,2024-02,Q1 2024
2024-02-05T00:00:00,149.17943083918772,63.86002790710097,85.38196871655055,West,A,2024-02,Q1 2024
2024-02-05T00:00:00,178.820460617829,72.99122188654397,108.42426233035148,West,B,2024-02,Q1 2024
2024-02-05T00:00:00,132.94200995922853,53.93499004055459,70.94421662803059,West,C,2024-02,Q1 2024
2024-02-05T00:00:00,178.6988953568012,74.67218320505458,108.36550188496501,West,D,2024-02,Q1 2024
2024-02-06T00:00:00,183.52255751678342,69.44650532291877,99.98023535380561,North,A,2024-02,Q1 2024
2024-02-06T00:00:00,181.45340169680625,70.30472945491144,109.33881494767871,North,B,2024-02,Q1 2024
2024-02-06T00:00:00,117.08844514630945,48.13591084927868,69.30476482896609,North,C,2024-02,Q1 2024
2024-02-06T00:00:00,163.86683352769163,65.54083057005417,97.53705516259059,North,D,2024-02,Q1 2024
2024-02-06T00:00:00,123.49836262777397,49.5260596544301,74.79992392093403,South,A,2024-02,Q1 2024
2024-02-06T00:00:00,140.74883562064448,52.044545651621505,81.31127965769366,South,B,2024-02,Q1 2024
2024-02-06T00:00:00,102.27514996296215,38.58507741331363,58.41946264922412,South,C,2024-02,Q1 2024
2024-02-06T00:00:00,105.11104011728176,45.70782165171445,65.00992399237286,South,D,2024-02,Q1 2024
2024-02-06T00:00:00,133.92045933109392,53.83770663476201,78.53443145736476,East,A,2024-02,Q1 2024
2024-02-06T00:00:00,165.53786452474685,67.2745914406761,96.58239522076705,East,B,2024-02,Q1 2024
2024-02-06T00:00:00,85.39499315925869,30.735143532437597,46.012022171941155,East,C,2024-02,Q1 2024
2024-02-06T00:00:00,147.7786118440328,63.46497461524528,90.68752147967645,East,D,2024-02,Q1 2024
2024-02-06T00:00:00,156.37012656583016,69.34052235071627,98.01771578974349,West,A,2024-02,Q1 2024
2024-02-06T00:00:00,177.25716138689387,65.74682848265275,106.28199049179626,West,B,2024-02,Q1 2024
2024-02-06T00:00:00,102.86336035285736,39.56891106975495,67.71609990364625,West,C,2024-02,Q1 2024
2024-02-06T00:00:00,165.1285292178614,61.786341815515385,90.65142854842071,West,D,2024-02,Q1 2024
2024-02-07T00:00:00,131.49692531916224,48.846180279054465,74.90741781328188,North,A,2024-02,Q1 2024
2024-02-07T00:00:00,174.49995115680198,71.03244571490707,107.20778666855041,North,B,2024-02,Q1 2024
2024-02-07T00:00:00,102.16440840726888,41.571421486686475,66.50339088078854,North,C,2024-02,Q1 2024
2024-02-07T00:00:00,135.4344437622311,56.209459637301045,84.94479764091403,North,D,2024-02,Q1 2024
2024-02-07T00:00:00,112.00575627623392,44.876598283230614,68.38196623534974,South,A,2024-02,Q1 2024
2024-02-07T00:00:00,156.00944699336912,53.815858278650595,89.61975673400065,South,B,2024-02,Q1 2024
2024-02-07T00:00:00,75.2673176209292,30.647108455164293,44.720724489031255,South,C,2024-02,Q1 2024
2024-02-07T00:00:00,110.23778805613021,45.976847895018295,70.04121768378873,South,D,2024-02,Q1 2024
2024-02-07T00:00:00,119.87234713850248,45.18306198023324,71.62183032315835,East,A,2024-02,Q1 2024
2024-02-07T00:00:00,186.34846974637173,66.79387708408909,110.61300852830647,East,B,2024-02,Q1 2024
2024-02-07T00:00:00,105.17851022750635,46.10443011095172,70.34759332840741,East,C,2024-02,Q1 2024
2024-02-07T00:00:00,120.64542470298989,52.33343900664938,76.49547482359363,East,D,2024-02,Q1 2024
2024-02-07T00:00:00,164.08269697866402,65.0701965125946,95.8286978902292,West,A,2024-02,Q1 2024
2024-02-07T00:00:00,209.86042940867935,79.59284511145212,123.64450820325655,West,B,2024-02,Q1 2024
2024-02-07T00:00:00,106.83548236918655,42.74521506199769,63.1107838182435,West,C,2024-02,Q1 2024
2024-02-07T00:00:00,186.6451299280218,75.79791794717147,112.17208723604661,West,D,2024-02,Q1 2024
2024-02-08T00:00:00,140.39640065328152,55.17285287310021,86.0321889781516,North,A,2024-02,Q1 2024
2024-02-08T00:00:00,171.81823630706856,63.37859613656286,99.78595740010616,North,B,2024-02,Q1 2024
2024-02-08T00:00:00,140.00813068661168,47.46944261703291,83.13404520129987,North,C,2024-02,Q1 2024
2024-02-08T00:00:00,149.24485019069067,57.94853293498815,90.39273796545507,North,D,2024-02,Q1 2024
2024-02-08T00:00:00,103.32282124734145,38.442148381233345,63.92115796478479,South,A,2024-02,Q1 2024
2024-02-08T00:00:00,134.51433822551073,55.31825462930223,87.79553204957196,South,B,2024-02,Q1 2024
2024-02-08T00:00:00,88.50554686022132,35.1800069346048,54.571577295686986,South,C,2024-02,Q1 2024
2024-02-08T00:00:00,132.1229043802347,50.98319163301619,76.39772266880728,South,D,2024-02,Q1 2024
2024-02-08T00:00:00,144.3537903143951,51.685959757055585,86.01739372936525,East,A,2024-02,Q1 2024
2024-02-08T00:00:00,163.98367885865048,66.88254357286361,106.09438351622043,East,B,2024-02,Q1 2024
2024-02-08T00:00:00,87.98349008932922,37.516611782142576,59.72668212002243,East,C,2024-02,Q1 2024
2024-02-08T00:00:00,145.5988711506344,49.348645655465866,86.35394202545685,East,D,2024-02,Q1 2024
2024-02-08T00:00:00,153.71243536246234,61.95867404279776,87.60110467256577,West,A,2024-02,Q1 2024
2024-02-08T00:00:00,179.48029282414703,66.41858846768658,107.51155053632841,West,B,2024-02,Q1 2024
2024-02-08T00:00:00,114.29502647651034,47.75275861945664,74.71966485163092,West,C,2024-02,Q1 2024
2024-02-08T00:00:00,168.76092715147487,58.54872558015313,100.85093124463586,West,D,2024-02,Q1 2024
2024-02-09T00:00:00,136.2758453460073,54.633224801460244,86.09263966431912,North,A,2024-02,Q1 2024
2024-02-09T00:00:00,184.48908972249947,67.20158023482337,110.22818756644634,North,B,2024-02,Q1 2024
2024-02-09T00:00:00,96.87852840354014,47.18959861291562,65.15262487791905,North,C,2024-02,Q1 2024
2024-02-09T00:00:00,128.12760934536075,52.593659975406325,84.68636693358368,North,D,2024-02,Q1 2024
2024-02-09T00:00:00,120.96081972515431,46.02499268578767,76.49000227544514,South,A,2024-02,Q1 2024
2024-02-09T00:00:00,129.1483076410705,52.548359401695976,85.30423834286597,South,B,2024-02,Q1 2024
2024-02-09T00:00:00,109.2508191264198,36.90859164543089,57.89131809204997,South,C,2024-02,Q1 2024
2024-02-09T00:00:00,141.62591564350802,54.106161945791804,87.580298919457,South,D,2024-02,Q1 2024
2024-02-09T00:00:00,149.57407339392134,60.346557874320666,94.45009166670154,East,A,2024-02,Q1 2024
2024-02-09T00:00:00,158.48978117135104,60.655251031679825,100.58568242781062,East,B,2024-02,Q1 2024
2024-02-09T00:00:00,117.64356108086761,39.17778506085781,70.2462198929583,East,C,2024-02,Q1 2024
2024-02-09T00:00:00,125.28348912429288,49.295981028506404,81.0120159209784,East,D,2024-02,Q1 2024
2024-02-09T00:00:00,194.1582085034597,68.74898004765375,117.98202881839788,West,A,2024-02,Q1 2024
2024-02-09T00:00:00,214.7793409496756,72.80963078553589,123.00969759279815,West,B,2024-02,Q1 2024
2024-02-09T00:00:00,148.6736892987986,53.09303344936535,92.0969649391945,West,C,2024-02,Q1 2024
2024-02-09T00:00:00,125.17276168906412,48.49337659999935,79.49451135368388,West,D,2024-02,Q1 2024
2024-02-10T00:00:00,127.27640271507563,44.81862621050383,79.76383433072488,North,A,2024-02,Q1 2024
2024-02-10T00:00:00,152.18519391926196,54.879911659954416,97.66061275438527,North,B,2024-02,Q1 2024
2024-02-10T00:00:00,121.44933202129234,46.12414305637771,73.71582297031468,North,C,2024-02,Q1 2024
2024-02-10T00:00:00,150.37186286407257,64.37791817030521,91.88341300051768,North,D,2024-02,Q1 2024
2024-02-10T00:00:00,137.3894153101972,50.52192127760411,86.24235034712473,South,A,2024-02,Q1 2024
2024-02-10T00:00:00,145.69652726429777,53.77766091959757,92.26084617214516,South,B,2024-02,Q1 2024
2024-02-10T00:00:00,99.3982459333678,34.51149795597928,63.651431556281956,South,C,2024-02,Q1 2024
2024-02-10T00:00:00,116.56247975969727,47.5671505733535,72.11066315329937,South,D,2024-02,Q1 2024
2024-02-10T00:00:00,128.0679686942673,50.48909806560063,75.34027093327133,East,A,2024-02,Q1 2024
2024-02-10T00:00:00,145.70654174766335,57.87472256612671,89.39183269440747,East,B,2024-02,Q1 2024
2024-02-10T00:00:00,86.49542446174281,29.385431809849823,49.726014937404706,East,C,2024-02,Q1 2024
2024-02-10T00:00:00,131.42424115728568,47.84392064976929,78.27758118798286,East,D,2024-02,Q1 2024
2024-02-10T00:00:00,174.18143111880164,64.91781445963238,102.56843608594454,West,A,2024-02,Q1 2024
2024-02-10T00:00:00,181.03545284235264,69.73532146890723,114.4658020957146,West,B,2024-02,Q1 2024
2024-02-10T00:00:00,114.55967549554582,44.20219624637201,74.23098732524527,West,C,2024-02,Q1 2024
2024-02-10T00:00:00,185.27123525608002,68.28718254960606,116.11116744379146,West,D,2024-02,Q1 2024
2024-02-11T00:00:00,141.6887170804638,58.62850183729747,92.9715712494878,North,A,2024-02,Q1 2024
2024-02-11T00:00:00,158.4430563675415,60.84200638824441,101.81461104225076,North,B,2024-02,Q1 2024
2024-02-11T00:00:00,115.96799449629326,47.746011751031936,73.90839780624582,North,C,2024-02,Q1 2024
2024-02-11T00:00:00,161.9196043085808,55.50259178071842,99.40874201333598,North,D,2024-02,Q1 2024
2024-02-11T00:00:00,134.41899299320565,47.96729771969925,83.69484518742489,South,A,2024-02,Q1 2024
2024-02-11T00:00:00,118.7696185008033,44.62166947086231,74.14910023645214,South,B,2024-02,Q1 2024
2024-02-11T00:00:00,96.45301988520299,31.54738988689267,60.70954343621987,South,C,2024-02,Q1 2024
2024-02-11T00:00:00,137.8228619764404,47.47837848912108,84.92712735177587,South,D,2024-02,Q1 2024
2024-02-11T00:00:00,118.026928020461,42.85013320191191,72.34757777371672,East,A,2024-02,Q1 2024
2024-02-11T00:00:00,130.5354948737824,52.11611679189084,82.78971593958633,East,B,2024-02,Q1 2024
2024-02-11T00:00:00,99.88699275760274,42.3247224702499,64.47743532811707,East,C,2024-02,Q1 2024
2024-02-11T00:00:00,151.12135683037167,53.073207959669986,93.9937318813524,East,D,2024-02,Q1 2024
2024-02-11T00:00:00,154.2875825508993,55.488298906364534,94.54257748992467,West,A,2024-02,Q1 2024
2024-02-11T00:00:00,182.1919602183627,71.11327656611064,118.66183367522177,West,B,2024-02,Q1 2024
2024-02-11T00:00:00,129.20000312155096,47.733062502736765,83.45256616579883,West,C,2024-02,Q1 2024
2024-02-11T00:00:00,175.5165103419644,66.24123839381619,106.03115068524566,West,D,2024-02,Q1 2024
2024-02-12T00:00:00,152.52623723478416,52.59736338064423,93.32831955099402,North,A,2024-02,Q1 2024
2024-02-12T00:00:00,165.4102335166455,62.83640387489223,107.11062702712991,North,B,2024-02,Q1 2024
2024-02-12T00:00:00,116.62243388695025,47.72909084522927,79.97851561886696,North,C,2024-02,Q1 2024
2024-02-12T00:00:00,164.21028674032164,65.14357099359647,101.69604405011158,North,D,2024-02,Q1 2024
2024-02-12T00:00:00,121.7447908315338,43.81638023003636,73.18543781693425,South,A,2024-02,Q1 2024
2024-02-12T00:00:00,139.4450980512742,46.551596045697586,85.68588466294628,South,B,2024-02,Q1 2024
2024-02-12T00:00:00,88.49770194857498,36.6567319709951,55.74039571526061,South,C,2024-02,Q1 2024
2024-02-12T00:00:00,137.30194953301114,47.69437228586395,83.65144735715724,South,D,2024-02,Q1 2024
2024-02-12T00:00:00,148.4723069211659,53.04299052284098,97.74465396339001,East,A,2024-02,Q1 2024
2024-02-12T00:00:00,181.3475052352674,70.54561863925952,116.50074917405547,East,B,2024-02,Q1 2024
2024-02-12T00:00:00,91.12382068572066,38.52267392508125,62.09032803435997,East,C,2024-02,Q1 2024
2024-02-12T00:00:00,142.37050272364945,60.60546507335987,91.06335095727424,East,D,2024-02,Q1 2024
2024-02-12T00:00:00,148.2117759110685,59.20642909451411,93.66409085935504,West,A,2024-02,Q1 2024
2024-02-12T00:00:00,191.75881622545404,70.66248136882952,120.0267152410014,West,B,2024-02,Q1 2024
2024-02-12T00:00:00,89.10657044567799,34.45169217529617,54.55985320324214,West,C,2024-02,Q1 2024
2024-02-12T00:00:00,172.15724602012648,69.74351645525972,111.84855221517353,West,D,2024-02,Q1 2024
2024-02-13T00:00:00,130.19012664589744,48.74906918264585,81.07008437194065,North,A,2024-02,Q1 2024
2024-02-13T00:00:00,164.23292455199427,59.446352698337144,106.43155864108306,North,B,2024-02,Q1 2024
2024-02-13T00:00:00,112.76869498385418,46.36361118506683,71.84957343104443,North,C,2024-02,Q1 2024
2024-02-13T00:00:00,159.00238645376686,57.829335693625204,97.87997482725049,North,D,2024-02,Q1 2024
2024-02-13T00:00:00,105.58505951372855,39.236785570635746,65.21987187451178,South,A,2024-02,Q1 2024
2024-02-13T00:00:00,124.71785180705011,48.06464334746324,82.35308772573995,South,B,2024-02,Q1 2024
2024-02-13T00:00:00,86.38598038676696,32.573151149370815,55.793906903341785,South,C,2024-02,Q1 2024
2024-02-13T00:00:00,131.1684632959127,46.66014167984985,82.06345635965054,South,D,2024-02,Q1 2024
2024-02-13T00:00:00,117.0135208472587,42.10910970790863,71.76179620134047,East,A,2024-02,Q1 2024
2024-02-13T00:00:00,143.90058091259957,55.26216772889815,88.4015223744216,East,B,2024-02,Q1 2024
2024-02-13T00:00:00,91.12620747762645,35.718155715439295,58.25036852691775,East,C,2024-02,Q1 2024
2024-02-13T00:00:00,136.28387785434816,53.228343144335476,91.50819283070933,East,D,2024-02,Q1 2024
2024-02-13T00:00:00,166.04689982674805,58.112331873479526,93.51069051338573,West,A,2024-02,Q1 2024
2024-02-13T00:00:00,169.19525367166992,66.35573007420527,109.8128439029051,West,B,2024-02,Q1 2024
2024-02-13T00:00:00,128.08625085973244,48.57934028739636,80.6331985151192,West,C,2024-02,Q1 2024
2024-02-13T00:00:00,191.8619428373234,77.85141964504373,122.74271167754335,West,D,2024-02,Q1 2024
2024-02-14T00:00:00,143.895942826668,54.84136542666286,84.53695839937507,North,A,2024-02,Q1 2024
2024-02-14T00:00:00,162.31370732180648,59.57071418726426,95.56013203459113,North,B,2024-02,Q1 2024
2024-02-14T00:00:00,116.36785472576582,44.47979484689532,66.98419942546515,North,C,2024-02,Q1 2024
2024-02-14T00:00:00,161.42211519572453,56.557514333384105,99.73658922744141,North,D,2024-02,Q1 2024
2024-02-14T00:00:00,126.83872141752298,47.700432087858026,79.17842640813664,South,A,2024-02,Q1 2024
2024-02-14T00:00:00,166.5207036836566,66.4882009456775,98.24095844071306,South,B,2024-02,Q1 2024
2024-02-14T00:00:00,83.74265034398005,38.92897181632414,54.492135450578814,South,C,2024-02,Q1 2024
2024-02-14T00:00:00,119.12484922327049,45.30510098242629,75.86513553669292,South,D,2024-02,Q1 2024
2024-02-14T00:00:00,113.01480024834699,42.064579111539004,73.66769609133827,East,A,2024-02,Q1 2024
2024-02-14T00:00:00,132.6077757243307,53.329663332215596,80.80288998493567,East,B,2024-02,Q1 2024
2024-02-14T00:00:00,90.33112314476328,38.09698422944805,57.31415292820534,East,C,2024-02,Q1 2024
2024-02-14T00:00:00,130.73974275349113,45.165891712388415,81.21031035653914,East,D,2024-02,Q1 2024
2024-02-14T00:00:00,152.34105933070427,55.6121540520729,93.97882839441718,West,A,2024-02,Q1 2024
2024-02-14T00:00:00,193.04008051748255,68.6873695717402,117.21265859931363,West,B,2024-02,Q1 2024
2024-02-14T00:00:00,90.66477001197458,35.25945620220277,56.41585883048144,West,C,2024-02,Q1 2024
2024-02-14T00:00:00,144.05454376044045,56.55416628138706,91.34119540956418,West,D,2024-02,Q1 2024
2024-02-15T00:00:00,93.08033098369295,37.94488630029632,64.83372308510754,North,A,2024-02,Q1 2024
2024-02-15T00:00:00,113.75832768738536,43.008871407857264,74.44603914715087,North,B,2024-02,Q1 2024
2024-02-15T00:00:00,104.66655329466411,39.83172102277606,59.082525808831406,North,C,2024-02,Q1 2024
2024-02-15T00:00:00,159.30610796375476,62.209845303893175,105.39656146447655,North,D,2024-02,Q1 2024
2024-02-15T00:00:00,95.14014460438563,32.31907702765572,53.90989957852931,South,A,2024-02,Q1 2024
2024-02-15T00:00:00,128.43586738524658,48.36257007019395,81.14399766847261,South,B,2024-02,Q1 2024
2024-02-15T00:00:00,77.92331338035495,27.197726510925435,43.463969139084206,South,C,2024-02,Q1 2024
2024-02-15T00:00:00,121.09995413452766,42.42826920169699,71.49684082388839,South,D,2024-02,Q1 2024
2024-02-15T00:00:00,116.35181216226624,45.2270943622258,73.08884943338578,East,A,2024-02,Q1 2024
2024-02-15T00:00:00,146.51146235869754,55.20297572722172,90.85115879002916,East,B,2024-02,Q1 2024
2024-02-15T00:00:00,93.89257377879336,33.997538635419836,55.457540336420074,East,C,2024-02,Q1 2024
2024-02-15T00:00:00,136.06959399724613,51.35388378658426,83.53524746550364,East,D,2024-02,Q1 2024
2024-02-15T00:00:00,173.6512522724975,67.31756560120574,103.1028229686586,West,A,2024-02,Q1 2024
2024-02-15T00:00:00,164.09812219923253,63.73217999082765,101.16292114630747,West,B,2024-02,Q1 2024
2024-02-15T00:00:00,108.39227012465244,37.093029337590075,66.74358936416606,West,C,2024-02,Q1 2024
2024-02-15T00:00:00,173.94176175525058,69.52725522759386,108.28741659740457,West,D,2024-02,Q1 2024
2024-02-16T00:00:00,130.16611974458343,53.4133404466396,76.76459265412242,North,A,2024-02,Q1 2024
2024-02-16T00:00:00,146.8617783213458,64.25021144807427,95.93673134701672,North,B,2024-02,Q1 2024
2024-02-16T00:00:00,117.83057408330387,40.26686603729861,70.60665374356498,North,C,2024-02,Q1 2024
2024-02-16T00:00:00,157.1182043793744,65.32470138332991,94.17055284886479,North,D,2024-02,Q1 2024
2024-02-16T00:00:00,95.78108607946226,37.06709687606323,58.056889409884974,South,A,2024-02,Q1 2024
2024-02-16T00:00:00,143.75880136428958,57.79356971998448,87.17631581839753,South,B,2024-02,Q1 2024
2024-02-16T00:00:00,71.82685860045314,21.82943928094824,42.773099509117515,South,C,2024-02,Q1 2024
2024-02-16T00:00:00,112.20014499032085,42.73353417373264,62.475826569501294,South,D,2024-02,Q1 2024
2024-02-16T00:00:00,130.56297051820428,54.35397458432706,82.47063482465359,East,A,2024-02,Q1 2024
2024-02-16T00:00:00,153.75913980193826,59.85048013927339,90.32181579612049,East,B,2024-02,Q1 2024
2024-02-16T00:00:00,75.09358879495183,30.881539690914288,48.83089852820098,East,C,2024-02,Q1 2024
2024-02-16T00:00:00,128.8192560524651,50.219026441174655,72.29526503994404,East,D,2024-02,Q1 2024
2024-02-16T00:00:00,143.57933536331302,53.7188786470959,88.22070722269389,West,A,2024-02,Q1 2024
2024-02-16T00:00:00,170.56003718573083,70.14388811198894,107.3169631052352,West,B,2024-02,Q1 2024
2024-02-16T00:00:00,88.6649937692912,35.12226127132313,60.37921626628102,West,C,2024-02,Q1 2024
2024-02-16T00:00:00,160.08074311923468,66.68388709142195,98.43776476368836,West,D,2024-02,Q1 2024
2024-02-17T00:00:00,141.4917080575408,57.30192804657025,88.9160879989268,North,A,2024-02,Q1 2024
2024-02-17T00:00:00,128.71989028979954,52.572813594148414,83.45862734421671,North,B,2024-02,Q1 2024
2024-02-17T00:00:00,73.8986602040864,33.897175594428994,53.91226762480509,North,C,2024-02,Q1 2024
2024-02-17T00:00:00,157.59486203392763,62.77879454315037,98.20539594836775,North,D,2024-02,Q1 2024
2024-02-17T00:00:00,84.3971388285558,35.1335207698174,52.67593104699868,South,A,2024-02,Q1 2024
2024-02-17T00:00:00,121.11018533818074,40.94712190431071,71.20937949043417,South,B,2024-02,Q1 2024
2024-02-17T00:00:00,83.89783642279485,35.72778106383545,54.15222319660698,South,C,2024-02,Q1 2024
2024-02-17T00:00:00,113.66595466069506,42.27168882297137,67.24052672749491,South,D,2024-02,Q1 2024
2024-02-17T00:00:00,125.98019484836486,48.356749460213614,75.52741958319886,East,A,2024-02,Q1 2024
2024-02-17T00:00:00,141.46284169310445,64.20854608238568,90.30871472111171,East,B,2024-02,Q1 2024
2024-02-17T00:00:00,104.39875569755614,35.280024128090474,57.59859385469304,East,C,2024-02,Q1 2024
2024-02-17T00:00:00,122.13061394956652,55.66303426876921,73.87761282627629,East,D,2024-02,Q1 2024
2024-02-17T00:00:00,134.74982618781632,49.925519331301736,79.4045516967589,West,A,2024-02,Q1 2024
2024-02-17T00:00:00,173.6425533400376,69.89608751224715,104.07194304810643,West,B,2024-02,Q1 2024
2024-02-17T00:00:00,97.728038101021,43.742165135305235,57.67950938552816,West,C,2024-02,Q1 2024
2024-02-17T00:00:00,162.72568629446465,59.94544638459048,98.913663960909,West,D,2024-02,Q1 2024
2024-02-18T00:00:00,138.90555195716263,51.48898911945014,80.69430320081062,North,A,2024-02,Q1 2024
2024-02-18T00:00:00,168.46988103025873,68.74506735744987,97.1646293704576,North,B,2024-02,Q1 2024
2024-02-18T00:00:00,115.53265706052832,41.25156492845821,65.44371074865442,North,C,2024-02,Q1 2024
2024-02-18T00:00:00,139.8988432992175,56.640155807335724,83.97686868894165,North,D,2024-02,Q1 2024
2024-02-18T00:00:00,85.11284674112143,29.20098053929062,51.259413434111885,South,A,2024-02,Q1 2024
2024-02-18T00:00:00,126.73283420527967,48.58689267741693,76.01517264928835,South,B,2024-02,Q1 2024
2024-02-18T00:00:00,95.53813350674841,37.64398973048349,55.74758509120542,South,C,2024-02,Q1 2024
2024-02-18T00:00:00,111.46263978027534,48.96155601129395,65.31296927680796,South,D,2024-02,Q1 2024
2024-02-18T00:00:00,109.81004615521722,40.46962273821371,64.7986928217134,East,A,2024-02,Q1 2024
2024-02-18T00:00:00,136.75418011308244,56.50874959982407,85.54288288569455,East,B,2024-02,Q1 2024
2024-02-18T00:00:00,84.35096979868511,38.287038459091676,53.78119942262504,East,C,2024-02,Q1 2024
2024-02-18T00:00:00,121.8847744088753,54.747177696006034,77.37348981908737,East,D,2024-02,Q1 2024
2024-02-18T00:00:00,129.9824599593175,56.104934911459694,77.69592387037393,West,A,2024-02,Q1 2024
2024-02-18T00:00:00,169.12407043092594,62.20041144613736,100.13392961334867,West,B,2024-02,Q1 2024
2024-02-18T00:00:00,110.59834345052467,45.99193558263747,66.3210298380748,West,C,2024-02,Q1 2024
2024-02-18T00:00:00,134.63560753658325,52.339819198298734,75.83107835872492,West,D,2024-02,Q1 2024
2024-02-19T00:00:00,133.77006148810668,59.972113768421465,79.78889352279484,North,A,2024-02,Q1 2024
2024-02-19T00:00:00,154.42047686927697,69.29252246388715,94.26116729485557,North,B,2024-02,Q1 2024
2024-02-19T00:00:00,108.18288667495503,42.4974161210626,59.78802420423325,North,C,2024-02,Q1 2024
2024-02-19T00:00:00,133.46338258329686,60.68585378108666,79.04827662424773,North,D,2024-02,Q1 2024
2024-02-19T00:00:00,71.71807998322689,27.911699546987386,39.30230762589473,South,A,2024-02,Q1 2024
2024-02-19T00:00:00,109.64433180440727,49.982619955064585,63.72696092265249,South,B,2024-02,Q1 2024
2024-02-19T00:00:00,80.2478663045563,31.495098406674558,43.70677525304496,South,C,2024-02,Q1 2024
2024-02-19T00:00:00,92.19470043209108,41.393554385233315,58.70662594077828,South,D,2024-02,Q1 2024
2024-02-19T00:00:00,112.08748911979507,45.297045251220496,67.24953270959095,East,A,2024-02,Q1 2024
2024-02-19T00:00:00,123.99672747534453,47.63591195445101,67.9691544201899,East,B,2024-02,Q1 2024
2024-02-19T00:00:00,76.19053768876309,36.10574729448995,46.54899468102317,East,C,2024-02,Q1 2024
2024-02-19T00:00:00,141.82735287910563,55.38435968764589,79.85969252754384,East,D,2024-02,Q1 2024
2024-02-19T00:00:00,134.19725404709655,50.18384118328288,75.55756778311775,West,A,2024-02,Q1 2024
2024-02-19T00:00:00,189.97652392594333,75.0103253182892,106.01368214034552,West,B,2024-02,Q1 2024
2024-02-19T00:00:00,132.83278904197817,52.70076678484261,74.85508983139144,West,C,2024-02,Q1 2024
2024-02-19T00:00:00,153.6008748822116,67.6127653055855,95.16152983218316,West,D,2024-02,Q1 2024
2024-02-20T00:00:00,130.30145133324237,56.12515036544145,75.2736778409094,North,A,2024-02,Q1 2024
2024-02-20T00:00:00,133.24652564500792,56.799586432440236,79.17432019277311,North,B,2024-02,Q1 2024
2024-02-20T00:00:00,111.99602518874534,51.03261725171869,59.90168060635113,North,C,2024-02,Q1 2024
2024-02-20T00:00:00,169.12358874617613,72.0877048078728,95.19015463902142,North,D,2024-02,Q1 2024
2024-02-20T00:00:00,83.28383298118275,34.96383322774965,50.17928870021519,South,A,2024-02,Q1 2024
2024-02-20T00:00:00,114.368208900231,51.95755603807707,64.12519134762464,South,B,2024-02,Q1 2024
2024-02-20T00:00:00,79.76846274684198,34.1107357499535,50.55577861360946,South,C,2024-02,Q1 2024
2024-02-20T00:00:00,121.89128659433337,51.57047115634042,65.21056865136025,South,D,2024-02,Q1 2024
2024-02-20T00:00:00,111.70971420773492,40.35791381450462,58.332297886966444,East,A,2024-02,Q1 2024
2024-02-20T00:00:00,144.8402675744362,65.93834862512273,87.6064947886895,East,B,2024-02,Q1 2024
2024-02-20T00:00:00,105.97925315544556,34.643699538118135,54.10519762212675,East,C,2024-02,Q1 2024
2024-02-20T00:00:00,127.52890195130176,54.833015994974,68.69389424302213,East,D,2024-02,Q1 2024
2024-02-20T00:00:00,131.13851358826136,62.569981072922666,80.26409920602538,West,A,2024-02,Q1 2024
2024-02-20T00:00:00,180.5530632824718,76.93522920271717,99.72628081454458,West,B,2024-02,Q1 2024
2024-02-20T00:00:00,96.58975959586397,46.893367124717535,59.69037096133564,West,C,2024-02,Q1 2024
2024-02-20T00:00:00,147.64693093882892,61.07034328415575,85.9782444839604,West,D,2024-02,Q1 2024
2024-02-21T00:00:00,143.36715338770105,56.6048789271045,73.66520224870214,North,A,2024-02,Q1 2024
2024-02-21T00:00:00,157.09939842491832,67.54828429421802,83.92574134852113,North,B,2024-02,Q1 2024
2024-02-21T00:00:00,112.69999960753145,45.60281292620425,63.45357316911911,North,C,2024-02,Q1 2024
2024-02-21T00:00:00,154.6572819412332,68.48675566970118,86.84595291465298,North,D,2024-02,Q1 2024
2024-02-21T00:00:00,93.85071551405046,35.07182255852157,53.924496216886816,South,A,2024-02,Q1 2024
2024-02-21T00:00:00,111.34731619294999,45.02817351400287,57.38834929104041,South,B,2024-02,Q1 2024
2024-02-21T00:00:00,75.43947549308226,38.32939053018713,37.830256054879456,South,C,2024-02,Q1 2024
2024-02-21T00:00:00,128.8827173558213,52.75189781868581,68.66901240195685,South,D,2024-02,Q1 2024
2024-02-21T00:00:00,128.3004796904711,55.49922194459808,76.34336969852824,East,A,2024-02,Q1 2024
2024-02-21T00:00:00,136.65372921335958,63.294587035096384,76.6471396198785,East,B,2024-02,Q1 2024
2024-02-21T00:00:00,106.48332067034737,46.43838477013027,57.05742179481129,East,C,2024-02,Q1 2024
2024-02-21T00:00:00,147.3919156984211,61.78056320091012,82.96624630997206,East,D,2024-02,Q1 2024
2024-02-21T00:00:00,160.16039772986667,72.14896911586006,92.83372985605683,West,A,2024-02,Q1 2024
2024-02-21T00:00:00,158.26193534178128,75.68559066943175,95.49351758696206,West,B,2024-02,Q1 2024
2024-02-21T00:00:00,106.99665456082182,44.77850532516452,62.60756107161925,West,C,2024-02,Q1 2024
2024-02-21T00:00:00,169.36296460921758,74.00306134298613,91.79830970741936,West,D,2024-02,Q1 2024
2024-02-22T00:00:00,115.7790387985117,53.25283051399403,58.00230694366856,North,A,2024-02,Q1 2024
2024-02-22T00:00:00,177.1197063749216,83.06242383017417,92.70145487874458,North,B,2024-02,Q1 2024
2024-02-22T00:00:00,85.79644960273762,40.67614131047463,50.966229767638985,North,C,2024-02,Q1 2024
2024-02-22T00:00:00,146.33538096373445,63.700105121503405,83.22957574873183,North,D,2024-02,Q1 2024
2024-02-22T00:00:00,100.76231783224921,41.06578777880896,53.88219747599481,South,A,2024-02,Q1 2024
2024-02-22T00:00:00,130.67751548858067,57.89525689441496,71.22723117120748,South,B,2024-02,Q1 2024
2024-02-22T00:00:00,85.90555598810899,36.92402213054733,46.48305433163169,South,C,2024-02,Q1 2024
2024-02-22T00:00:00,103.00235401447172,52.80964104166036,60.2514453398179,South,D,2024-02,Q1 2024
2024-02-22T00:00:00,92.32591963362016,40.22255948890036,52.447509380445105,East,A,2024-02,Q1 2024
2024-02-22T00:00:00,136.75425977309666,55.89593579516435,69.86988947514992,East,B,2024-02,Q1 2024
2024-02-22T00:00:00,95.42366345921765,42.658940274739635,49.4864793440223,East,C,2024-02,Q1 2024
2024-02-22T00:00:00,152.50336939428297,59.884032343887874,76.48732056806486,East,D,2024-02,Q1 2024
2024-02-22T00:00:00,128.03167325327797,61.646548875819384,71.2691656075639,West,A,2024-02,Q1 2024
2024-02-22T00:00:00,205.47733937751926,90.94070397772421,111.27558704661318,West,B,2024-02,Q1 2024
2024-02-22T00:00:00,118.61553243114707,52.51182518520992,66.63107907854177,West,C,2024-02,Q1 2024
2024-02-22T00:00:00,163.99636606593884,69.17755765254586,87.78686808565122,West,D,2024-02,Q1 2024
2024-02-23T00:00:00,124.46007578798044,63.37732893293146,64.60672552224955,North,A,2024-02,Q1 2024
2024-02-23T00:00:00,165.9985463877261,79.79194920902498,84.76658602696013,North,B,2024-02,Q1 2024
2024-02-23T00:00:00,108.40832029708139,49.17260405531947,56.77566924794995,North,C,2024-02,Q1 2024
2024-02-23T00:00:00,131.7159248153546,68.4990636873563,78.17665583160857,North,D,2024-02,Q1 2024
2024-02-23T00:00:00,110.84671193662494,44.28433391970428,53.497113003821156,South,A,2024-02,Q1 2024
2024-02-23T00:00:00,143.91384797361206,66.50413699714268,79.62562080504735,South,B,2024-02,Q1 2024
2024-02-23T00:00:00,90.2814179823847,37.197962018876346,47.10223025903062,South,C,2024-02,Q1 2024
2024-02-23T00:00:00,105.931012145641,50.2123918685047,58.21866799091697,South,D,2024-02,Q1 2024
2024-02-23T00:00:00,99.34886241210455,44.03675561872669,53.51917248875127,East,A,2024-02,Q1 2024
2024-02-23T00:00:00,148.80339097652038,67.35522222618751,80.03364140840995,East,B,2024-02,Q1 2024
2024-02-23T00:00:00,95.7555381768651,51.11629760313724,53.724195211842805,East,C,2024-02,Q1 2024
2024-02-23T00:00:00,126.6031411334269,57.344279919512466,72.3608914084992,East,D,2024-02,Q1 2024
2024-02-23T00:00:00,136.12824522294926,64.49237476670864,78.30668523620558,West,A,2024-02,Q1 2024
2024-02-23T00:00:00,170.38698250937367,80.71581577331737,93.43174984168603,West,B,2024-02,Q1 2024
2024-02-23T00:00:00,103.43827615227937,47.128752163801,54.43439482486778,West,C,2024-02,Q1 2024
2024-02-23T00:00:00,146.1928669625024,59.79039338575166,84.52310973998381,West,D,2024-02,Q1 2024
2024-02-24T00:00:00,138.68309164542916,65.53412736689246,72.74361635774834,North,A,2024-02,Q1 2024
2024-02-24T00:00:00,187.39666478521255,83.34405650545756,97.08330727899968,North,B,2024-02,Q1 2024
2024-02-24T00:00:00,96.50438102932387,46.83147278089147,55.384921269464996,North,C,2024-02,Q1 2024
2024-02-24T00:00:00,132.0078752423331,61.726852448978605,70.93833351227143,North,D,2024-02,Q1 2024
2024-02-24T00:00:00,98.9541745439858,46.4139443104389,53.12303858674616,South,A,2024-02,Q1 2024
2024-02-24T00:00:00,126.09972539115716,67.10468148106442,75.75674844377083,South,B,2024-02,Q1 2024
2024-02-24T00:00:00,67.44921687986196,36.398154952047534,42.85444735847141,South,C,2024-02,Q1 2024
2024-02-24T00:00:00,99.98104431429633,52.36365629855284,56.113919905978236,South,D,2024-02,Q1 2024
2024-02-24T00:00:00,96.5965204887973,47.73641105709544,55.44013976814883,East,A,2024-02,Q1 2024
2024-02-24T00:00:00,142.4721360208423,69.1475415065824,81.40598488330423,East,B,2024-02,Q1 2024
2024-02-24T00:00:00,99.46905528828384,45.89713496663032,52.54956517678775,East,C,2024-02,Q1 2024
2024-02-24T00:00:00,138.59261587407133,66.15582557605946,75.81142145853049,East,D,2024-02,Q1 2024
2024-02-24T00:00:00,124.48558574174545,62.15328751215669,70.0415415361515,West,A,2024-02,Q1 2024
2024-02-24T00:00:00,171.5775247487118,84.82935435563536,91.32508825928772,West,B,2024-02,Q1 2024
2024-02-24T00:00:00,120.8315880386234,61.660381311191365,70.16456083529727,West,C,2024-02,Q1 2024
2024-02-24T00:00:00,142.13593002322253,69.05972996849133,70.35914869599848,West,D,2024-02,Q1 2024
2024-02-25T00:00:00,122.23187194620269,60.269138547882,74.79042581920334,North,A,2024-02,Q1 2024
2024-02-25T00:00:00,139.07753843691,67.37840769985215,81.11053004847578,North,B,2024-02,Q1 2024
2024-02-25T00:00:00,78.55071654327445,43.793339085331816,48.2216267527537,North,C,2024-02,Q1 2024
2024-02-25T00:00:00,133.42112351104265,71.76001314067088,77.33278917193086,North,D,2024-02,Q1 2024
2024-02-25T00:00:00,107.99455645453422,52.4013403675169,59.18741964710065,South,A,2024-02,Q1 2024
2024-02-25T00:00:00,137.33971442985828,63.64089499203674,66.92731121660756,South,B,2024-02,Q1 2024
2024-02-25T00:00:00,97.06654870190421,46.84591331272367,53.64925379524872,South,C,2024-02,Q1 2024
2024-02-25T00:00:00,102.41585610672476,46.51709698184918,51.347804513599336,South,D,2024-02,Q1 2024
2024-02-25T00:00:00,133.1914841864023,51.05040356903764,63.998503403826355,East,A,2024-02,Q1 2024
2024-02-25T00:00:00,149.48683890757155,69.47321803947835,76.46041297537343,East,B,2024-02,Q1 2024
2024-02-25T00:00:00,91.66054404517523,38.18844409868461,53.07533915766205,East,C,2024-02,Q1 2024
2024-02-25T00:00:00,140.80014964353188,66.59369598160212,76.78400886772258,East,D,2024-02,Q1 2024
2024-02-25T00:00:00,147.56845079495474,66.18944588549944,78.59043801017506,West,A,2024-02,Q1 2024
2024-02-25T00:00:00,174.24754346412982,77.4474269112771,92.59358527729066,West,B,2024-02,Q1 2024
2024-02-25T00:00:00,99.42441371124534,45.67510814410676,52.36212245103423,West,C,2024-02,Q1 2024
2024-02-25T00:00:00,193.25765296329328,93.26679019914648,96.64947992152642,West,D,2024-02,Q1 2024
2024-02-26T00:00:00,124.64831574006135,59.47667319248718,67.7158420751703,North,A,2024-02,Q1 2024
2024-02-26T00:00:00,173.61021578702642,85.65179796995533,94.35294598783896,North,B,2024-02,Q1 2024
2024-02-26T00:00:00,120.74587929273315,63.94563950510766,70.26804236348596,North,C,2024-02,Q1 2024
2024-02-26T00:00:00,134.30323233247373,61.70435282376019,68.11669519551963,North,D,2024-02,Q1 2024
2024-02-26T00:00:00,94.14571689089787,52.042586032479555,51.84948004093699,South,A,2024-02,Q1 2024
2024-02-26T00:00:00,133.86393473800433,62.37130792071008,75.271534505467,South,B,2024-02,Q1 2024
2024-02-26T00:00:00,71.63774215643593,34.7134512983215,39.32518713453759,South,C,2024-02,Q1 2024
2024-02-26T00:00:00,117.05006638230171,56.10865566211153,62.510154173082654,South,D,2024-02,Q1 2024
2024-02-26T00:00:00,105.26487023683386,53.67715732077743,58.382071366478975,East,A,2024-02,Q1 2024
2024-02-26T00:00:00,124.28307442463642,51.59567436413593,65.08919461473579,East,B,2024-02,Q1 2024
2024-02-26T00:00:00,107.91137559599122,50.39077923650214,61.28515037250497,East,C,2024-02,Q1 2024
2024-02-26T00:00:00,106.93898148681104,53.48665249577054,57.13685585783215,East,D,2024-02,Q1 2024
2024-02-26T00:00:00,142.3931062628297,66.37637046167299,74.09408229278199,West,A,2024-02,Q1 2024
2024-02-26T00:00:00,166.498912806886,76.93743156269191,88.25558884740163,West,B,2024-02,Q1 2024
2024-02-26T00:00:00,107.05987780829795,47.72732573816724,57.205508344359906,West,C,2024-02,Q1 2024
2024-02-26T00:00:00,137.98569409458503,68.18081682676525,76.57657251391123,West,D,2024-02,Q1 2024
2024-02-27T00:00:00,140.7317539625704,68.0446934108404,77.16844208466311,North,A,2024-02,Q1 2024
2024-02-27T00:00:00,161.96026267946732,78.11852112358532,89.1463810088156,North,B,2024-02,Q1 2024
2024-02-27T00:00:00,95.65432407031378,50.09236363993401,60.90087967295011,North,C,2024-02,Q1 2024
2024-02-27T00:00:00,136.87610963541894,66.8318478226729,75.42944940208999,North,D,2024-02,Q1 2024
2024-02-27T00:00:00,115.06223244468484,58.94356766622637,65.78299043823081,South,A,2024-02,Q1 2024
2024-02-27T00:00:00,129.94798835126542,63.0659410703953,70.02161389611366,South,B,2024-02,Q1 2024
2024-02-27T00:00:00,80.92265973435009,35.73127831222635,41.0422728692798,South,C,2024-02,Q1 2024
2024-02-27T00:00:00,119.38368618686782,59.75557907500659,63.7870086274753,South,D,2024-02,Q1 2024
2024-02-27T00:00:00,105.01216419730665,50.56463297187168,59.409694224309135,East,A,2024-02,Q1 2024
2024-02-27T00:00:00,149.02558276847427,79.13534392911087,82.12803560509124,East,B,2024-02,Q1 2024
2024-02-27T00:00:00,107.90607182185296,52.41652871031827,59.52713002257399,East,C,2024-02,Q1 2024
2024-02-27T00:00:00,153.94280378740075,72.13477227033499,78.50760752800535,East,D,2024-02,Q1 2024
2024-02-27T00:00:00,137.95780776428177,66.53691884216205,72.11179418596872,West,A,2024-02,Q1 2024
2024-02-27T00:00:00,199.21273766867958,87.01528641590959,100.51156336052627,West,B,2024-02,Q1 2024
2024-02-27T00:00:00,115.56259613011706,51.749273827252985,63.40596327835122,West,C,2024-02,Q1 2024
2024-02-27T00:00:00,165.95649292389677,73.20871912116544,85.61117835706705,West,D,2024-02,Q1 2024
2024-02-28T00:00:00,128.28027828106457,67.43306508888027,74.23179586314605,North,A,2024-02,Q1 2024
2024-02-28T00:00:00,226.30897799608414,98.9934676532466,115.01890787695183,North,B,2024-02,Q1 2024
2024-02-28T00:00:00,127.39616863090318,50.18261667386515,60.21085080443041,North,C,2024-02,Q1 2024
2024-02-28T00:00:00,142.3266083796054,66.1034458610975,76.93963828412906,North,D,2024-02,Q1 2024
2024-02-28T00:00:00,85.72741523130307,47.672828669069254,50.55295591705416,South,A,2024-02,Q1 2024
2024-02-28T00:00:00,106.63068631603309,51.462818406196675,56.57796198045298,South,B,2024-02,Q1 2024
2024-02-28T00:00:00,83.61201238504702,38.00867565656472,42.592305378129154,South,C,2024-02,Q1 2024
2024-02-28T00:00:00,115.54465538498096,53.30781524258154,60.931595853393475,South,D,2024-02,Q1 2024
2024-02-28T00:00:00,109.7257147478069,44.74328897155705,59.7156997753704,East,A,2024-02,Q1 2024
2024-02-28T00:00:00,161.12670286796464,76.33462506881065,91.0631689968315,East,B,2024-02,Q1 2024
2024-02-28T00:00:00,108.36044151768559,49.183057101076,55.40391022548047,East,C,2024-02,Q1 2024
2024-02-28T00:00:00,146.75384207953434,64.11501064149546,73.21596866484674,East,D,2024-02,Q1 2024
2024-02-28T00:00:00,152.12454781218426,68.09086326110167,83.29666128540062,West,A,2024-02,Q1 2024
2024-02-28T00:00:00,180.99998947322422,80.92000751823151,99.67283347735918,West,B,2024-02,Q1 2024
2024-02-28T00:00:00,123.02044564692129,61.302276584543336,66.49310613348986,West,C,2024-02,Q1 2024
2024-02-28T00:00:00,145.69402015465514,63.971155015261715,81.15125982836699,West,D,2024-02,Q1 2024
2024-02-29T00:00:00,106.5807910396484,45.321432528641154,61.002674254518666,North,A,2024-02,Q1 2024
2024-02-29T00:00:00,161.4668081150621,71.45797705986318,86.17011153024572,North,B,2024-02,Q1 2024
2024-02-29T00:00:00,112.76651478128593,53.77600226599675,60.92184976619162,North,C,2024-02,Q1 2024
2024-02-29T00:00:00,161.0550647613849,72.42898392045153,83.04336041909845,North,D,2024-02,Q1 2024
2024-02-29T00:00:00,114.6023881035997,52.98155656398202,62.196575862055916,South,A,2024-02,Q1 2024
2024-02-29T00:00:00,134.31628296299596,57.9577660829572,70.28621636194208,South,B,2024-02,Q1 2024
2024-02-29T00:00:00,69.77862950550495,31.916914231646686,42.53014773332364,South,C,2024-02,Q1 2024
2024-02-29T00:00:00,115.67243656961648,51.826730888520586,57.44476617932199,South,D,2024-02,Q1 2024
2024-02-29T00:00:00,137.71697888064733,58.14245261893831,73.37932809503589,East,A,2024-02,Q1 2024
2024-02-29T00:00:00,138.13083471232517,59.15036820995682,71.11240649269263,East,B,2024-02,Q1 2024
2024-02-29T00:00:00,95.89674249542409,42.943416668375576,50.01087036113376,East,C,2024-02,Q1 2024
2024-02-29T00:00:00,133.81941639500147,60.445155259890576,72.25811034303806,East,D,2024-02,Q1 2024
2024-02-29T00:00:00,146.3068053291894,60.69840419245984,77.19641214765785,West,A,2024-02,Q1 2024
2024-02-29T00:00:00,204.39760080972673,91.76378929303851,108.5651042784233,West,B,2024-02,Q1 2024
2024-02-29T00:00:00,125.7912739758622,57.86756652085594,71.33309376919225,West,C,2024-02,Q1 2024
2024-02-29T00:00:00,187.98251432147725,82.19186838377135,100.3670550712009,West,D,2024-02,Q1 2024
